<?xml version="1.0" encoding="UTF-8"?>
<response>
<header>
<resultCode>00</resultCode>
<resultMsg>NORMAL SERVICE.</resultMsg>
</header>
<body>
<items>
	<item>
		<거래금액> 94,000</거래금액>
		<건축년도>2007</건축년도>
		<년>2019</년>
		<법정동> 필운동</법정동>
		<아파트>신동아블루아광화문의 꿈</아파트>
		<월>12</월>
		<일>26</일>
		<전용면적>107.5</전용면적>
		<지번>254</지번>
		<지역코드>11110</지역코드>
		<층>7</층>
	</item>
	<item>
		<거래금액> 125,000</거래금액>
		<건축년도>2008</건축년도>
		<년>2019</년>
		<법정동> 사직동</법정동>
		<아파트>광화문풍림스페이스본(101동~105동)</아파트>
		<월>12</월>
		<일>3</일>
		<전용면적>126.34</전용면적>
		<지번>9</지번>
		<지역코드>11110</지역코드>
		<층>4</층>
	</item>
	<item>
		<거래금액> 159,000</거래금액>
		<건축년도>2008</건축년도>
		<년>2019</년>
		<법정동> 사직동</법정동>
		<아파트>광화문풍림스페이스본(106동)</아파트>
		<월>12</월>
		<일>16</일>
		<전용면적>153.42</전용면적>
		<지번>9-1</지번>
		<지역코드>11110</지역코드>
		<층>11</층>
	</item>
<item>
<거래금액> 130,000</거래금액>
<건축년도>2008</건축년도>
<년>2019</년>
<법정동> 사직동</법정동>
<아파트>광화문풍림스페이스본(101동~105동)</아파트>
<월>12</월>
<일>18</일>
<전용면적>108.55</전용면적>
<지번>9</지번>
<지역코드>11110</지역코드>
<층>5</층>
</item>
<item>
<거래금액> 155,000</거래금액>
<건축년도>2008</건축년도>
<년>2019</년>
<법정동> 사직동</법정동>
<아파트>광화문풍림스페이스본(101동~105동)</아파트>
<월>12</월>
<일>23</일>
<전용면적>159.01</전용면적>
<지번>9</지번>
<지역코드>11110</지역코드>
<층>9</층>
</item>
<item>
<거래금액> 160,000</거래금액>
<건축년도>2004</건축년도>
<년>2019</년>
<법정동> 내수동</법정동>
<아파트>경희궁의아침3단지</아파트>
<월>12</월>
<일>6</일>
<전용면적>149</전용면적>
<지번>72</지번>
<지역코드>11110</지역코드>
<층>16</층>
</item>
<item>
<거래금액> 30,500</거래금액>
<건축년도>2003</건축년도>
<년>2019</년>
<법정동> 익선동</법정동>
<아파트>현대뜨레비앙</아파트>
<월>12</월>
<일>12</일>
<전용면적>48.54</전용면적>
<지번>55</지번>
<지역코드>11110</지역코드>
<층>2</층>
</item>
<item>
<거래금액> 72,000</거래금액>
<건축년도>2006</건축년도>
<년>2019</년>
<법정동> 인의동</법정동>
<아파트>효성쥬얼리시티</아파트>
<월>12</월>
<일>14</일>
<전용면적>84.64</전용면적>
<지번>48-2</지번>
<지역코드>11110</지역코드>
<층>11</층>
</item>
<item>
<거래금액> 35,000</거래금액>
<건축년도>2004</건축년도>
<년>2019</년>
<법정동> 이화동</법정동>
<아파트>(9-1)</아파트>
<월>12</월>
<일>26</일>
<전용면적>84.42</전용면적>
<지번>9-1</지번>
<지역코드>11110</지역코드>
<층>4</층>
</item>
<item>
<거래금액> 17,000</거래금액>
<건축년도>2011</건축년도>
<년>2019</년>
<법정동> 충신동</법정동>
<아파트>CS타워</아파트>
<월>12</월>
<일>6</일>
<전용면적>21.94</전용면적>
<지번>62-2</지번>
<지역코드>11110</지역코드>
<층>5</층>
</item>
<item>
<거래금액> 25,000</거래금액>
<건축년도>1999</건축년도>
<년>2019</년>
<법정동> 동숭동</법정동>
<아파트>동성아파트(1동)</아파트>
<월>12</월>
<일>6</일>
<전용면적>57.96</전용면적>
<지번>4-161</지번>
<지역코드>11110</지역코드>
<층>1</층>
</item>
<item>
<거래금액> 68,500</거래금액>
<건축년도>2006</건축년도>
<년>2019</년>
<법정동> 명륜1가</법정동>
<아파트>건양하늘터</아파트>
<월>12</월>
<일>13</일>
<전용면적>84.78</전용면적>
<지번>23</지번>
<지역코드>11110</지역코드>
<층>7</층>
</item>
<item>
<거래금액> 87,500</거래금액>
<건축년도>1995</건축년도>
<년>2019</년>
<법정동> 명륜2가</법정동>
<아파트>아남1</아파트>
<월>12</월>
<일>3</일>
<전용면적>84.9</전용면적>
<지번>4</지번>
<지역코드>11110</지역코드>
<층>7</층>
</item>
<item>
<거래금액> 87,500</거래금액>
<건축년도>1995</건축년도>
<년>2019</년>
<법정동> 명륜2가</법정동>
<아파트>아남1</아파트>
<월>12</월>
<일>8</일>
<전용면적>84.9</전용면적>
<지번>4</지번>
<지역코드>11110</지역코드>
<층>5</층>
</item>
<item>
<거래금액> 90,000</거래금액>
<건축년도>1995</건축년도>
<년>2019</년>
<법정동> 명륜2가</법정동>
<아파트>아남1</아파트>
<월>12</월>
<일>8</일>
<전용면적>84.8</전용면적>
<지번>4</지번>
<지역코드>11110</지역코드>
<층>16</층>
</item>
<item>
<거래금액> 91,000</거래금액>
<건축년도>1995</건축년도>
<년>2019</년>
<법정동> 명륜2가</법정동>
<아파트>아남1</아파트>
<월>12</월>
<일>10</일>
<전용면적>84.9</전용면적>
<지번>4</지번>
<지역코드>11110</지역코드>
<층>16</층>
</item>
<item>
<거래금액> 86,500</거래금액>
<건축년도>1995</건축년도>
<년>2019</년>
<법정동> 명륜2가</법정동>
<아파트>아남1</아파트>
<월>12</월>
<일>12</일>
<전용면적>84.9</전용면적>
<지번>4</지번>
<지역코드>11110</지역코드>
<층>3</층>
</item>
<item>
<거래금액> 87,000</거래금액>
<건축년도>1999</건축년도>
<년>2019</년>
<법정동> 창신동</법정동>
<아파트>두산</아파트>
<월>12</월>
<일>6</일>
<전용면적>84.9</전용면적>
<지번>232</지번>
<지역코드>11110</지역코드>
<층>13</층>
</item>
<item>
<거래금액> 59,500</거래금액>
<건축년도>1992</건축년도>
<년>2019</년>
<법정동> 창신동</법정동>
<아파트>창신쌍용1</아파트>
<월>12</월>
<일>9</일>
<전용면적>79.87</전용면적>
<지번>702</지번>
<지역코드>11110</지역코드>
<층>11</층>
</item>
<item>
<거래금액> 55,000</거래금액>
<건축년도>1993</건축년도>
<년>2019</년>
<법정동> 창신동</법정동>
<아파트>창신쌍용2</아파트>
<월>12</월>
<일>13</일>
<전용면적>79.87</전용면적>
<지번>703</지번>
<지역코드>11110</지역코드>
<층>8</층>
</item>
<item>
<거래금액> 82,000</거래금액>
<건축년도>1999</건축년도>
<년>2019</년>
<법정동> 창신동</법정동>
<아파트>두산</아파트>
<월>12</월>
<일>13</일>
<전용면적>84.9</전용면적>
<지번>232</지번>
<지역코드>11110</지역코드>
<층>1</층>
</item>
<item>
<거래금액> 49,900</거래금액>
<건축년도>1993</건축년도>
<년>2019</년>
<법정동> 창신동</법정동>
<아파트>창신쌍용2</아파트>
<월>12</월>
<일>14</일>
<전용면적>64.66</전용면적>
<지번>703</지번>
<지역코드>11110</지역코드>
<층>10</층>
</item>
<item>
<거래금액> 89,900</거래금액>
<건축년도>1999</건축년도>
<년>2019</년>
<법정동> 창신동</법정동>
<아파트>두산</아파트>
<월>12</월>
<일>14</일>
<전용면적>84.9</전용면적>
<지번>232</지번>
<지역코드>11110</지역코드>
<층>11</층>
</item>
<item>
<거래금액> 50,000</거래금액>
<건축년도>1993</건축년도>
<년>2019</년>
<법정동> 창신동</법정동>
<아파트>창신쌍용2</아파트>
<월>12</월>
<일>16</일>
<전용면적>64.66</전용면적>
<지번>703</지번>
<지역코드>11110</지역코드>
<층>11</층>
</item>
<item>
<거래금액> 60,000</거래금액>
<건축년도>1993</건축년도>
<년>2019</년>
<법정동> 창신동</법정동>
<아파트>창신쌍용2</아파트>
<월>12</월>
<일>18</일>
<전용면적>115.53</전용면적>
<지번>703</지번>
<지역코드>11110</지역코드>
<층>1</층>
</item>
<item>
<거래금액> 62,000</거래금액>
<건축년도>1999</건축년도>
<년>2019</년>
<법정동> 창신동</법정동>
<아파트>두산</아파트>
<월>12</월>
<일>18</일>
<전용면적>59.95</전용면적>
<지번>232</지번>
<지역코드>11110</지역코드>
<층>23</층>
</item>
<item>
<거래금액> 49,500</거래금액>
<건축년도>1993</건축년도>
<년>2019</년>
<법정동> 창신동</법정동>
<아파트>창신쌍용2</아파트>
<월>12</월>
<일>18</일>
<전용면적>64.66</전용면적>
<지번>703</지번>
<지역코드>11110</지역코드>
<층>10</층>
</item>
<item>
<거래금액> 44,700</거래금액>
<건축년도>1993</건축년도>
<년>2019</년>
<법정동> 창신동</법정동>
<아파트>창신쌍용2</아파트>
<월>12</월>
<일>21</일>
<전용면적>64.66</전용면적>
<지번>703</지번>
<지역코드>11110</지역코드>
<층>2</층>
</item>
<item>
<거래금액> 25,500</거래금액>
<건축년도>1999</건축년도>
<년>2019</년>
<법정동> 창신동</법정동>
<아파트>덕산</아파트>
<월>12</월>
<일>21</일>
<전용면적>59.28</전용면적>
<지번>639-50</지번>
<지역코드>11110</지역코드>
<층>3</층>
</item>
<item>
<거래금액> 43,800</거래금액>
<건축년도>1993</건축년도>
<년>2019</년>
<법정동> 창신동</법정동>
<아파트>창신쌍용2</아파트>
<월>12</월>
<일>21</일>
<전용면적>54.7</전용면적>
<지번>703</지번>
<지역코드>11110</지역코드>
<층>5</층>
</item>
<item>
<거래금액> 55,900</거래금액>
<건축년도>1993</건축년도>
<년>2019</년>
<법정동> 창신동</법정동>
<아파트>창신쌍용2</아파트>
<월>12</월>
<일>22</일>
<전용면적>79.87</전용면적>
<지번>703</지번>
<지역코드>11110</지역코드>
<층>8</층>
</item>
<item>
<거래금액> 70,000</거래금액>
<건축년도>1992</건축년도>
<년>2019</년>
<법정동> 창신동</법정동>
<아파트>창신쌍용1</아파트>
<월>12</월>
<일>23</일>
<전용면적>106.62</전용면적>
<지번>702</지번>
<지역코드>11110</지역코드>
<층>13</층>
</item>
<item>
<거래금액> 56,700</거래금액>
<건축년도>1993</건축년도>
<년>2019</년>
<법정동> 창신동</법정동>
<아파트>창신쌍용2</아파트>
<월>12</월>
<일>25</일>
<전용면적>79.87</전용면적>
<지번>703</지번>
<지역코드>11110</지역코드>
<층>6</층>
</item>
<item>
<거래금액> 55,800</거래금액>
<건축년도>1993</건축년도>
<년>2019</년>
<법정동> 창신동</법정동>
<아파트>창신쌍용2</아파트>
<월>12</월>
<일>27</일>
<전용면적>79.87</전용면적>
<지번>703</지번>
<지역코드>11110</지역코드>
<층>9</층>
</item>
<item>
<거래금액> 11,700</거래금액>
<건축년도>2014</건축년도>
<년>2019</년>
<법정동> 숭인동</법정동>
<아파트>숭인한양LEEPS</아파트>
<월>12</월>
<일>2</일>
<전용면적>12.78</전용면적>
<지번>1421-2</지번>
<지역코드>11110</지역코드>
<층>4</층>
</item>
<item>
<거래금액> 62,400</거래금액>
<건축년도>2009</건축년도>
<년>2019</년>
<법정동> 숭인동</법정동>
<아파트>종로청계힐스테이트</아파트>
<월>12</월>
<일>6</일>
<전용면적>59.9426</전용면적>
<지번>766</지번>
<지역코드>11110</지역코드>
<층>1</층>
</item>
<item>
<거래금액> 69,500</거래금액>
<건축년도>2008</건축년도>
<년>2019</년>
<법정동> 숭인동</법정동>
<아파트>종로센트레빌</아파트>
<월>12</월>
<일>7</일>
<전용면적>59.92</전용면적>
<지번>2-1</지번>
<지역코드>11110</지역코드>
<층>6</층>
</item>
<item>
<거래금액> 80,000</거래금액>
<건축년도>2008</건축년도>
<년>2019</년>
<법정동> 숭인동</법정동>
<아파트>종로센트레빌</아파트>
<월>12</월>
<일>7</일>
<전용면적>84.92</전용면적>
<지번>2-1</지번>
<지역코드>11110</지역코드>
<층>3</층>
</item>
<item>
<거래금액> 13,000</거래금액>
<건축년도>2013</건축년도>
<년>2019</년>
<법정동> 숭인동</법정동>
<아파트>종로중흥S클래스</아파트>
<월>12</월>
<일>13</일>
<전용면적>17.811</전용면적>
<지번>202-3</지번>
<지역코드>11110</지역코드>
<층>15</층>
</item>
<item>
<거래금액> 80,000</거래금액>
<건축년도>2004</건축년도>
<년>2019</년>
<법정동> 숭인동</법정동>
<아파트>롯데캐슬천지인</아파트>
<월>12</월>
<일>14</일>
<전용면적>84.95</전용면적>
<지번>76</지번>
<지역코드>11110</지역코드>
<층>11</층>
</item>
<item>
<거래금액> 80,000</거래금액>
<건축년도>2008</건축년도>
<년>2019</년>
<법정동> 숭인동</법정동>
<아파트>종로센트레빌</아파트>
<월>12</월>
<일>17</일>
<전용면적>84.92</전용면적>
<지번>2-1</지번>
<지역코드>11110</지역코드>
<층>3</층>
</item>
<item>
<거래금액> 11,700</거래금액>
<건축년도>2012</건축년도>
<년>2019</년>
<법정동> 숭인동</법정동>
<아파트>삼전솔하임2차</아파트>
<월>12</월>
<일>20</일>
<전용면적>14.69</전용면적>
<지번>296-19</지번>
<지역코드>11110</지역코드>
<층>6</층>
</item>
<item>
<거래금액> 66,500</거래금액>
<건축년도>2009</건축년도>
<년>2019</년>
<법정동> 숭인동</법정동>
<아파트>종로청계힐스테이트</아파트>
<월>12</월>
<일>23</일>
<전용면적>59.9426</전용면적>
<지번>766</지번>
<지역코드>11110</지역코드>
<층>3</층>
</item>
<item>
<거래금액> 65,800</거래금액>
<건축년도>2008</건축년도>
<년>2019</년>
<법정동>숭인동</법정동>
<아파트>종로센트레빌</아파트>
<월>12</월>
<일>27</일>
<전용면적>59.92</전용면적>
<지번>2-1</지번>
<지역코드>11110</지역코드>
<층>1</층>
</item>
<item>
<거래금액> 129,000</거래금액>
<건축년도>2017</건축년도>
<년>2019</년>
<법정동> 평동</법정동>
<아파트>경희궁자이(3단지)</아파트>
<월>12</월>
<일>5</일>
<전용면적>59.755</전용면적>
<지번>233</지번>
<지역코드>11110</지역코드>
<층>7</층>
</item>
<item>
<거래금액> 166,500</거래금액>
<건축년도>2017</건축년도>
<년>2019</년>
<법정동> 평동</법정동>
<아파트>경희궁자이(3단지)</아파트>
<월>12</월>
<일>21</일>
<전용면적>84.836</전용면적>
<지번>233</지번>
<지역코드>11110</지역코드>
<층>4</층>
</item>
<item>
<거래금액> 150,000</거래금액>
<건축년도>2017</건축년도>
<년>2019</년>
<법정동> 홍파동</법정동>
<아파트>경희궁자이(2단지)</아파트>
<월>12</월>
<일>4</일>
<전용면적>84.944</전용면적>
<지번>199</지번>
<지역코드>11110</지역코드>
<층>1</층>
</item>
<item>
<거래금액> 160,500</거래금액>
<건축년도>2017</건축년도>
<년>2019</년>
<법정동> 홍파동</법정동>
<아파트>경희궁자이(2단지)</아파트>
<월>12</월>
<일>7</일>
<전용면적>84.614</전용면적>
<지번>199</지번>
<지역코드>11110</지역코드>
<층>2</층>
</item>
<item>
<거래금액> 169,000</거래금액>
<건축년도>2017</건축년도>
<년>2019</년>
<법정동> 홍파동</법정동>
<아파트>경희궁자이(2단지)</아파트>
<월>12</월>
<일>7</일>
<전용면적>84.836</전용면적>
<지번>199</지번>
<지역코드>11110</지역코드>
<층>7</층>
</item>
<item>
<거래금액> 98,000</거래금액>
<건축년도>2017</건축년도>
<년>2019</년>
<법정동> 교북동</법정동>
<아파트>경희궁자이(4단지)</아파트>
<월>12</월>
<일>21</일>
<전용면적>45.879</전용면적>
<지번>126</지번>
<지역코드>11110</지역코드>
<층>8</층>
</item>
<item>
<거래금액> 98,000</거래금액>
<건축년도>2017</건축년도>
<년>2019</년>
<법정동> 교북동</법정동>
<아파트>경희궁자이(4단지)</아파트>
<월>12</월>
<일>22</일>
<전용면적>45.879</전용면적>
<지번>126</지번>
<지역코드>11110</지역코드>
<층>8</층>
</item>
<item>
<거래금액> 50,000</거래금액>
<건축년도>1998</건축년도>
<년>2019</년>
<법정동> 평창동</법정동>
<아파트>삼성</아파트>
<월>12</월>
<일>14</일>
<전용면적>84.93</전용면적>
<지번>596</지번>
<지역코드>11110</지역코드>
<층>4</층>
</item>
<item>
<거래금액> 97,000</거래금액>
<건축년도>2009</건축년도>
<년>2019</년>
<법정동> 평창동</법정동>
<아파트>엘리시아</아파트>
<월>12</월>
<일>23</일>
<전용면적>206.22</전용면적>
<지번>66-1</지번>
<지역코드>11110</지역코드>
<층>2</층>
</item>
<item>
<거래금액> 38,700</거래금액>
<건축년도>1998</건축년도>
<년>2019</년>
<법정동> 평창동</법정동>
<아파트>삼성</아파트>
<월>12</월>
<일>28</일>
<전용면적>59.97</전용면적>
<지번>596</지번>
<지역코드>11110</지역코드>
<층>11</층>
</item>
<item>
<거래금액> 25,000</거래금액>
<건축년도>1997</건축년도>
<년>2019</년>
<법정동> 평창동</법정동>
<아파트>갑을</아파트>
<월>12</월>
<일>31</일>
<전용면적>64.88</전용면적>
<지번>595</지번>
<지역코드>11110</지역코드>
<층>11</층>
</item>
<item>
<거래금액> 84,960</거래금액>
<건축년도>2000</건축년도>
<년>2019</년>
<법정동> 무악동</법정동>
<아파트>현대</아파트>
<월>12</월>
<일>3</일>
<전용면적>84.92</전용면적>
<지번>82</지번>
<지역코드>11110</지역코드>
<층>2</층>
</item>
<item>
<거래금액> 130,000</거래금액>
<건축년도>2008</건축년도>
<년>2019</년>
<법정동> 무악동</법정동>
<아파트>인왕산아이파크</아파트>
<월>12</월>
<일>28</일>
<전용면적>114.931</전용면적>
<지번>60</지번>
<지역코드>11110</지역코드>
<층>3</층>
</item>
</items>
<numOfRows>10</numOfRows>
<pageNo>1</pageNo>
<totalCount>57</totalCount>
</body>
</response>