<?xml version="1.0" encoding="UTF-8"?>
<response>
	<header>
		<resultCode>00</resultCode>
		<resultMsg>NORMAL SERVICE.</resultMsg>
	</header>
	<body>
		<items>
			<item>
				<건축년도>2007</건축년도>
				<법정동> 필운동</법정동>
				<아파트>신동아블루아광화문의 꿈</아파트>
				<지번>254</지번>
				<지역코드>11110</지역코드>
				<img>신동아블루아광화문.jpg</img>
			</item>
			<item>
				<건축년도>2008</건축년도>
				<법정동>사직동</법정동>
				<아파트>광화문풍림스페이스본(101동~105동)</아파트>
				<지번>9</지번>
				<지역코드>11110</지역코드>
				<img>광화문풍림스페이스본.jpg</img>
			</item>
			<item>
				<건축년도>2008</건축년도>
				<법정동>사직동</법정동>
				<아파트>광화문풍림스페이스본(106동)</아파트>
				<지번>9</지번>
				<지역코드>11110</지역코드>
				<img>광화문풍림스페이스본.jpg</img>
			</item>
			<item>
				<건축년도>2004</건축년도>
				<법정동> 내수동</법정동>
				<아파트>경희궁의아침3단지</아파트>
				<지번>72</지번>
				<지역코드>11110</지역코드>
				<img>경희궁의아침.jpg</img>
			</item>
			<item>
				<건축년도>2003</건축년도>
				<법정동> 익선동</법정동>
				<아파트>현대뜨레비앙</아파트>
				<지번>55</지번>
				<지역코드>11110</지역코드>
				<img>현대뜨레비앙.jpg</img>
			</item>
			<item>
				<건축년도>2006</건축년도>
				<법정동> 인의동</법정동>
				<아파트>효성쥬얼리시티</아파트>
				<지번>48-2</지번>
				<지역코드>11110</지역코드>
				<img>효성쥬얼리시티.jfif</img>
			</item>
			<item>
				<건축년도>2004</건축년도>
				<법정동> 이화동</법정동>
				<아파트>(9-1)</아파트>
				<지번>9-1</지번>
				<지역코드>11110</지역코드>
				<img></img>
			</item>
			<item>
				<건축년도>2011</건축년도>
				<법정동> 충신동</법정동>
				<아파트>CS타워</아파트>
				<지번>62-2</지번>
				<지역코드>11110</지역코드>
				<img>CS타워.jfif</img>
			</item>
			<item>
				<건축년도>1999</건축년도>
				<법정동> 동숭동</법정동>
				<아파트>동성아파트(1동)</아파트>
				<지번>4-161</지번>
				<지역코드>11110</지역코드>
				<img>동성아파트.jpg</img>
			</item>
			<item>
				<건축년도>2006</건축년도>
				<법정동> 명륜1가</법정동>
				<아파트>건양하늘터</아파트>
				<지번>23</지번>
				<지역코드>11110</지역코드>
				<img>건양하늘터.jpg</img>
			</item>
			<item>
				<건축년도>1995</건축년도>
				<법정동>명륜2가</법정동>
				<아파트>아남1</아파트>
				<지번>4</지번>
				<지역코드>11110</지역코드>
				<img>아남1.jpg</img>
			</item>
			<item>
				<건축년도>1999</건축년도>
				<년>2019</년>
				<법정동> 창신동</법정동>
				<아파트>두산</아파트>
				<지번>232</지번>
				<지역코드>11110</지역코드>
				<img>창신동두산.jpg</img>
			</item>
			<item>
				<건축년도>1992</건축년도>
				<법정동> 창신동</법정동>
				<아파트>창신쌍용1</아파트>
				<지번>702</지번>
				<지역코드>11110</지역코드>
				<img>창신동창신쌍용1.jpg</img>
			</item>
			<item>
				<건축년도>1993</건축년도>
				<법정동> 창신동</법정동>
				<아파트>창신쌍용2</아파트>
				<지번>703</지번>
				<지역코드>11110</지역코드>
				<img>창신동창신쌍용2.jpg</img>
			</item>
			<item>
				<건축년도>1999</건축년도>
				<법정동> 창신동</법정동>
				<아파트>덕산</아파트>
				<지번>639-50</지번>
				<지역코드>11110</지역코드>
				<img>창신동덕산.jpg</img>
			</item>
			<item>
				<건축년도>2014</건축년도>
				<법정동> 숭인동</법정동>
				<아파트>숭인한양LEEPS</아파트>
				<지번>1421-2</지번>
				<지역코드>11110</지역코드>
				<img>숭인동숭인한양LEEPS.jfif</img>
			</item>
			<item>
				<건축년도>2009</건축년도>
				<법정동> 숭인동</법정동>
				<아파트>종로청계힐스테이트</아파트>
				<지번>766</지번>
				<지역코드>11110</지역코드>
				<img>숭인동종로청계힐스테이트.jfif</img>
			</item>
			<item>
				<건축년도>2008</건축년도>
				<법정동> 숭인동</법정동>
				<아파트>종로센트레빌</아파트>
				<지번>2-1</지번>
				<지역코드>11110</지역코드>
				<img>숭인동종로센트레빌.jfif</img>
			</item>
			<item>
				<건축년도>2013</건축년도>
				<법정동> 숭인동</법정동>
				<아파트>종로중흥S클래스</아파트>
				<지번>202-3</지번>
				<지역코드>11110</지역코드>
				<img>숭인동종로중흥S클래스.jfif</img>
			</item>
			<item>
				<건축년도>2004</건축년도>
				<법정동> 숭인동</법정동>
				<아파트>롯데캐슬천지인</아파트>
				<지번>76</지번>
				<지역코드>11110</지역코드>
				<img>숭인동롯데캐슬천지인.jpg</img>
			</item>
			<item>
				<건축년도>2012</건축년도>
				<법정동> 숭인동</법정동>
				<아파트>삼전솔하임2차</아파트>
				<지번>296-19</지번>
				<지역코드>11110</지역코드>
				<img>숭인동삼전솔하임2차.jfif</img>
			</item>
			<item>
				<건축년도>2017</건축년도>
				<법정동> 평동</법정동>
				<아파트>경희궁자이(3단지)</아파트>
				<지번>233</지번>
				<지역코드>11110</지역코드>
				<img>평동경희궁자이(3단지).jpg</img>
			</item>
			<item>
				<건축년도>2017</건축년도>
				<법정동> 홍파동</법정동>
				<아파트>경희궁자이(2단지)</아파트>
				<지번>199</지번>
				<지역코드>11110</지역코드>
				<img>홍파동경희궁자이(2단지).jpg</img>
			</item>
			<item>
				<건축년도>2017</건축년도>
				<법정동> 교북동</법정동>
				<아파트>경희궁자이(4단지)</아파트>
				<지번>126</지번>
				<지역코드>11110</지역코드>
				<img>교북동경희궁자이(4단지).jpg</img>
			</item>
			<item>
				<건축년도>1998</건축년도>
				<법정동> 평창동</법정동>
				<아파트>삼성</아파트>
				<지번>596</지번>
				<지역코드>11110</지역코드>
				<img>평창동삼성.jfif</img>
			</item>
			<item>
				<건축년도>2009</건축년도>
				<법정동> 평창동</법정동>
				<아파트>엘리시아</아파트>
				<지번>66-1</지번>
				<지역코드>11110</지역코드>
				<img></img>
			</item>
			<item>
				<건축년도>1998</건축년도>
				<법정동> 평창동</법정동>
				<아파트>삼성</아파트>
				<지번>596</지번>
				<지역코드>11110</지역코드>
				<img>평창동엘리시아.jfif</img>
			</item>
			<item>
				<건축년도>1997</건축년도>
				<법정동> 평창동</법정동>
				<아파트>갑을</아파트>
				<지번>595</지번>
				<지역코드>11110</지역코드>
				<img>평창동갑을.jpg</img>
			</item>
			<item>
				<건축년도>2000</건축년도>
				<법정동> 무악동</법정동>
				<아파트>현대</아파트>
				<지번>82</지번>
				<지역코드>11110</지역코드>
				<img>무악동현대.jpg</img>
			</item>
			<item>
				<건축년도>2008</건축년도>
				<법정동> 무악동</법정동>
				<아파트>인왕산아이파크</아파트>
				<지번>60</지번>
				<지역코드>11110</지역코드>
				<img>무악동인왕산아이파크.jpg</img>
			</item>
		</items>
		<numOfRows>10</numOfRows>
		<pageNo>1</pageNo>
		<totalCount>57</totalCount>
	</body>
</response>