<?xml version="1.0" encoding="UTF-8" standalone="yes"?>
<response>
	<header>
		<resultCode>00</resultCode>
		<resultMsg>NORMAL SERVICE.</resultMsg>
	</header>
	<body>
		<items>
			<item>
				<건축년도>2008</건축년도>
				<년>2019</년>
				<법정동> 사직동</법정동>
				<보증금액> 70,000</보증금액>
				<아파트>광화문풍림스페이스본(101동~105동)</아파트>
				<월>12</월>
				<월세금액> 0</월세금액>
				<일>13</일>
				<전용면적>94.51</전용면적>
				<지번>9</지번>
				<지역코드>11110</지역코드>
				<층>3</층>
			</item>
			<item>
				<건축년도>2008</건축년도>
				<년>2019</년>
				<법정동> 사직동</법정동>
				<보증금액> 70,000</보증금액>
				<아파트>광화문풍림스페이스본(101동~105동)</아파트>
				<월>12</월>
				<월세금액> 0</월세금액>
				<일>23</일>
				<전용면적>94.28</전용면적>
				<지번>9</지번>
				<지역코드>11110</지역코드>
				<층>10</층>
			</item>
			<item>
				<건축년도>1983</건축년도>
				<년>2019</년>
				<법정동> 당주동</법정동>
				<보증금액> 10,000</보증금액>
				<아파트>세종</아파트>
				<월>12</월>
				<월세금액> 140</월세금액>
				<일>6</일>
				<전용면적>104.73</전용면적>
				<지번>100</지번>
				<지역코드>11110</지역코드>
				<층>4</층>
			</item>
			<item>
				<건축년도>2005</건축년도>
				<년>2019</년>
				<법정동> 수송동</법정동>
				<보증금액> 24,900</보증금액>
				<아파트>로얄팰리스스위트</아파트>
				<월>12</월>
				<월세금액> 0</월세금액>
				<일>10</일>
				<전용면적>29.31</전용면적>
				<지번>85</지번>
				<지역코드>11110</지역코드>
				<층>14</층>
			</item>
			<item>
				<건축년도>2003</건축년도>
				<년>2019</년>
				<법정동> 익선동</법정동>
				<보증금액> 29,000</보증금액>
				<아파트>현대뜨레비앙</아파트>
				<월>12</월>
				<월세금액> 0</월세금액>
				<일>20</일>
				<전용면적>48.54</전용면적>
				<지번>55</지번>
				<지역코드>11110</지역코드>
				<층>8</층>
			</item>
			<item>
				<건축년도>2006</건축년도>
				<년>2019</년>
				<법정동> 인의동</법정동>
				<보증금액> 30,000</보증금액>
				<아파트>효성쥬얼리시티</아파트>
				<월>12</월>
				<월세금액> 30</월세금액>
				<일>5</일>
				<전용면적>84.98</전용면적>
				<지번>48-2</지번>
				<지역코드>11110</지역코드>
				<층>14</층>
			</item>
			<item>
				<건축년도>2006</건축년도>
				<년>2019</년>
				<법정동> 인의동</법정동>
				<보증금액> 25,000</보증금액>
				<아파트>효성쥬얼리시티</아파트>
				<월>12</월>
				<월세금액> 0</월세금액>
				<일>7</일>
				<전용면적>98.39</전용면적>
				<지번>48-2</지번>
				<지역코드>11110</지역코드>
				<층>18</층>
			</item>
			<item>
				<건축년도>2017</건축년도>
				<년>2019</년>
				<법정동> 효제동</법정동>
				<보증금액> 16,500</보증금액>
				<아파트>포레스트힐시티</아파트>
				<월>12</월>
				<월세금액> 0</월세금액>
				<일>20</일>
				<전용면적>18.7352</전용면적>
				<지번>65-2</지번>
				<지역코드>11110</지역코드>
				<층>9</층>
			</item>
			<item>
				<건축년도>2004</건축년도>
				<년>2019</년>
				<법정동> 이화동</법정동>
				<보증금액> 30,000</보증금액>
				<아파트>(9-1)</아파트>
				<월>12</월>
				<월세금액> 0</월세금액>
				<일>24</일>
				<전용면적>84.42</전용면적>
				<지번>9-1</지번>
				<지역코드>11110</지역코드>
				<층>4</층>
			</item>
			<item>
				<건축년도>1995</건축년도>
				<년>2019</년>
				<법정동> 명륜2가</법정동>
				<보증금액> 58,500</보증금액>
				<아파트>아남1</아파트>
				<월>12</월>
				<월세금액> 0</월세금액>
				<일>6</일>
				<전용면적>84.9</전용면적>
				<지번>4</지번>
				<지역코드>11110</지역코드>
				<층>3</층>
			</item>
			<item>
				<건축년도>1995</건축년도>
				<년>2019</년>
				<법정동> 명륜2가</법정동>
				<보증금액> 54,000</보증금액>
				<아파트>아남1</아파트>
				<월>12</월>
				<월세금액> 0</월세금액>
				<일>16</일>
				<전용면적>84.9</전용면적>
				<지번>4</지번>
				<지역코드>11110</지역코드>
				<층>1</층>
			</item>
			<item>
				<건축년도>1995</건축년도>
				<년>2019</년>
				<법정동> 명륜2가</법정동>
				<보증금액> 53,000</보증금액>
				<아파트>아남1</아파트>
				<월>12</월>
				<월세금액> 0</월세금액>
				<일>21</일>
				<전용면적>84.9</전용면적>
				<지번>4</지번>
				<지역코드>11110</지역코드>
				<층>16</층>
			</item>
			<item>
				<건축년도>1996</건축년도>
				<년>2019</년>
				<법정동> 명륜2가</법정동>
				<보증금액> 40,000</보증금액>
				<아파트>아남2</아파트>
				<월>12</월>
				<월세금액> 45</월세금액>
				<일>26</일>
				<전용면적>84.96</전용면적>
				<지번>236</지번>
				<지역코드>11110</지역코드>
				<층>5</층>
			</item>
			<item>
				<건축년도>1995</건축년도>
				<년>2019</년>
				<법정동> 명륜2가</법정동>
				<보증금액> 25,000</보증금액>
				<아파트>아남1</아파트>
				<월>12</월>
				<월세금액> 100</월세금액>
				<일>31</일>
				<전용면적>84.9</전용면적>
				<지번>4</지번>
				<지역코드>11110</지역코드>
				<층>1</층>
			</item>
			<item>
				<건축년도>1992</건축년도>
				<년>2019</년>
				<법정동> 창신동</법정동>
				<보증금액> 32,000</보증금액>
				<아파트>창신쌍용1</아파트>
				<월>12</월>
				<월세금액> 0</월세금액>
				<일>9</일>
				<전용면적>79.87</전용면적>
				<지번>702</지번>
				<지역코드>11110</지역코드>
				<층>12</층>
			</item>
			<item>
				<건축년도>1992</건축년도>
				<년>2019</년>
				<법정동> 창신동</법정동>
				<보증금액> 27,000</보증금액>
				<아파트>창신쌍용1</아파트>
				<월>12</월>
				<월세금액> 0</월세금액>
				<일>9</일>
				<전용면적>54.7</전용면적>
				<지번>702</지번>
				<지역코드>11110</지역코드>
				<층>4</층>
			</item>
			<item>
				<건축년도>1993</건축년도>
				<년>2019</년>
				<법정동> 창신동</법정동>
				<보증금액> 21,000</보증금액>
				<아파트>창신쌍용2</아파트>
				<월>12</월>
				<월세금액> 0</월세금액>
				<일>16</일>
				<전용면적>79.87</전용면적>
				<지번>703</지번>
				<지역코드>11110</지역코드>
				<층>8</층>
			</item>
			<item>
				<건축년도>1999</건축년도>
				<년>2019</년>
				<법정동> 창신동</법정동>
				<보증금액> 34,000</보증금액>
				<아파트>두산</아파트>
				<월>12</월>
				<월세금액> 0</월세금액>
				<일>16</일>
				<전용면적>59.95</전용면적>
				<지번>232</지번>
				<지역코드>11110</지역코드>
				<층>19</층>
			</item>
			<item>
				<건축년도>1993</건축년도>
				<년>2019</년>
				<법정동> 창신동</법정동>
				<보증금액> 27,000</보증금액>
				<아파트>창신쌍용2</아파트>
				<월>12</월>
				<월세금액> 0</월세금액>
				<일>17</일>
				<전용면적>64.66</전용면적>
				<지번>703</지번>
				<지역코드>11110</지역코드>
				<층>3</층>
			</item>
			<item>
				<건축년도>1999</건축년도>
				<년>2019</년>
				<법정동> 창신동</법정동>
				<보증금액> 5,000</보증금액>
				<아파트>두산</아파트>
				<월>12</월>
				<월세금액> 100</월세금액>
				<일>18</일>
				<전용면적>59.95</전용면적>
				<지번>232</지번>
				<지역코드>11110</지역코드>
				<층>16</층>
			</item>
			<item>
				<건축년도>1966</건축년도>
				<년>2019</년>
				<법정동> 창신동</법정동>
				<보증금액> 2,000</보증금액>
				<아파트>동대문</아파트>
				<월>12</월>
				<월세금액> 45</월세금액>
				<일>20</일>
				<전용면적>28.8</전용면적>
				<지번>328-17</지번>
				<지역코드>11110</지역코드>
				<층>5</층>
			</item>
			<item>
				<건축년도>1966</건축년도>
				<년>2019</년>
				<법정동> 창신동</법정동>
				<보증금액> 6,300</보증금액>
				<아파트>동대문</아파트>
				<월>12</월>
				<월세금액> 0</월세금액>
				<일>24</일>
				<전용면적>28.8</전용면적>
				<지번>328-17</지번>
				<지역코드>11110</지역코드>
				<층>1</층>
			</item>
			<item>
				<건축년도>2002</건축년도>
				<년>2019</년>
				<법정동> 창신동</법정동>
				<보증금액> 15,000</보증금액>
				<아파트>MID그린(2동)</아파트>
				<월>12</월>
				<월세금액> 0</월세금액>
				<일>28</일>
				<전용면적>59.47</전용면적>
				<지번>601-1</지번>
				<지역코드>11110</지역코드>
				<층>6</층>
			</item>
			<item>
				<건축년도>1993</건축년도>
				<년>2019</년>
				<법정동> 창신동</법정동>
				<보증금액> 34,000</보증금액>
				<아파트>창신쌍용2</아파트>
				<월>12</월>
				<월세금액> 0</월세금액>
				<일>29</일>
				<전용면적>115.53</전용면적>
				<지번>703</지번>
				<지역코드>11110</지역코드>
				<층>1</층>
			</item>
			<item>
				<건축년도>1999</건축년도>
				<년>2019</년>
				<법정동> 창신동</법정동>
				<보증금액> 50,000</보증금액>
				<아파트>두산</아파트>
				<월>12</월>
				<월세금액> 0</월세금액>
				<일>31</일>
				<전용면적>84.9</전용면적>
				<지번>232</지번>
				<지역코드>11110</지역코드>
				<층>13</층>
			</item>
			<item>
				<건축년도>2013</건축년도>
				<년>2019</년>
				<법정동> 숭인동</법정동>
				<보증금액> 5,000</보증금액>
				<아파트>주건축물제1동</아파트>
				<월>12</월>
				<월세금액> 30</월세금액>
				<일>3</일>
				<전용면적>14.48</전용면적>
				<지번>1392</지번>
				<지역코드>11110</지역코드>
				<층>14</층>
			</item>
			<item>
				<건축년도>2004</건축년도>
				<년>2019</년>
				<법정동> 숭인동</법정동>
				<보증금액> 55,000</보증금액>
				<아파트>롯데캐슬천지인</아파트>
				<월>12</월>
				<월세금액> 0</월세금액>
				<일>3</일>
				<전용면적>84.95</전용면적>
				<지번>76</지번>
				<지역코드>11110</지역코드>
				<층>3</층>
			</item>
			<item>
				<건축년도>1979</건축년도>
				<년>2019</년>
				<법정동> 숭인동</법정동>
				<보증금액> 25,000</보증금액>
				<아파트>숭인상가</아파트>
				<월>12</월>
				<월세금액> 0</월세금액>
				<일>5</일>
				<전용면적>80.85</전용면적>
				<지번>204-11</지번>
				<지역코드>11110</지역코드>
				<층>4</층>
			</item>
			<item>
				<건축년도>2009</건축년도>
				<년>2019</년>
				<법정동> 숭인동</법정동>
				<보증금액> 30,000</보증금액>
				<아파트>종로청계힐스테이트</아파트>
				<월>12</월>
				<월세금액> 40</월세금액>
				<일>7</일>
				<전용면적>84.9478</전용면적>
				<지번>766</지번>
				<지역코드>11110</지역코드>
				<층>20</층>
			</item>
			<item>
				<건축년도>2012</건축년도>
				<년>2019</년>
				<법정동> 숭인동</법정동>
				<보증금액> 12,100</보증금액>
				<아파트>삼전솔하임2차</아파트>
				<월>12</월>
				<월세금액> 0</월세금액>
				<일>11</일>
				<전용면적>15</전용면적>
				<지번>296-19</지번>
				<지역코드>11110</지역코드>
				<층>5</층>
			</item>
			<item>
				<건축년도>2000</건축년도>
				<년>2019</년>
				<법정동> 숭인동</법정동>
				<보증금액> 17,000</보증금액>
				<아파트>숭인동 101동(제3호) (569-0)</아파트>
				<월>12</월>
				<월세금액> 0</월세금액>
				<일>17</일>
				<전용면적>59.7</전용면적>
				<지번>569</지번>
				<지역코드>11110</지역코드>
				<층>3</층>
			</item>
			<item>
				<건축년도>2014</건축년도>
				<년>2019</년>
				<법정동> 숭인동</법정동>
				<보증금액> 10,800</보증금액>
				<아파트>숭인한양LEEPS</아파트>
				<월>12</월>
				<월세금액> 0</월세금액>
				<일>18</일>
				<전용면적>12.78</전용면적>
				<지번>1421-2</지번>
				<지역코드>11110</지역코드>
				<층>4</층>
			</item>
			<item>
				<건축년도>2014</건축년도>
				<년>2019</년>
				<법정동> 숭인동</법정동>
				<보증금액> 1,000</보증금액>
				<아파트>삼전솔하임4차</아파트>
				<월>12</월>
				<월세금액> 50</월세금액>
				<일>24</일>
				<전용면적>15.09</전용면적>
				<지번>318-2</지번>
				<지역코드>11110</지역코드>
				<층>16</층>
			</item>
			<item>
				<건축년도>2004</건축년도>
				<년>2019</년>
				<법정동> 숭인동</법정동>
				<보증금액> 50,000</보증금액>
				<아파트>롯데캐슬천지인</아파트>
				<월>12</월>
				<월세금액> 0</월세금액>
				<일>26</일>
				<전용면적>84.95</전용면적>
				<지번>76</지번>
				<지역코드>11110</지역코드>
				<층>21</층>
			</item>
			<item>
				<건축년도>2013</건축년도>
				<년>2019</년>
				<법정동> 숭인동</법정동>
				<보증금액> 9,000</보증금액>
				<아파트>종로유케이201</아파트>
				<월>12</월>
				<월세금액> 0</월세금액>
				<일>26</일>
				<전용면적>12.01</전용면적>
				<지번>201-11</지번>
				<지역코드>11110</지역코드>
				<층>6</층>
			</item>
			<item>
				<건축년도>2012</건축년도>
				<년>2019</년>
				<법정동> 숭인동</법정동>
				<보증금액> 12,500</보증금액>
				<아파트>삼전솔하임2차</아파트>
				<월>12</월>
				<월세금액> 0</월세금액>
				<일>26</일>
				<전용면적>16.67</전용면적>
				<지번>296-19</지번>
				<지역코드>11110</지역코드>
				<층>8</층>
			</item>
			<item>
				<건축년도>2013</건축년도>
				<년>2019</년>
				<법정동> 숭인동</법정동>
				<보증금액> 1,000</보증금액>
				<아파트>종로중흥S클래스</아파트>
				<월>12</월>
				<월세금액> 55</월세금액>
				<일>27</일>
				<전용면적>17.811</전용면적>
				<지번>202-3</지번>
				<지역코드>11110</지역코드>
				<층>7</층>
			</item>
			<item>
				<건축년도>2012</건축년도>
				<년>2019</년>
				<법정동> 숭인동</법정동>
				<보증금액> 11,400</보증금액>
				<아파트>삼전솔하임2차</아파트>
				<월>12</월>
				<월세금액> 0</월세금액>
				<일>28</일>
				<전용면적>14.69</전용면적>
				<지번>296-19</지번>
				<지역코드>11110</지역코드>
				<층>6</층>
			</item>
			<item>
				<건축년도>2013</건축년도>
				<년>2019</년>
				<법정동> 숭인동</법정동>
				<보증금액> 13,700</보증금액>
				<아파트>종로중흥S클래스</아파트>
				<월>12</월>
				<월세금액> 0</월세금액>
				<일>30</일>
				<전용면적>19.466</전용면적>
				<지번>202-3</지번>
				<지역코드>11110</지역코드>
				<층>7</층>
			</item>
			<item>
				<건축년도>2017</건축년도>
				<년>2019</년>
				<법정동> 평동</법정동>
				<보증금액> 42,000</보증금액>
				<아파트>경희궁자이(3단지)</아파트>
				<월>12</월>
				<월세금액> 150</월세금액>
				<일>13</일>
				<전용면적>84.836</전용면적>
				<지번>233</지번>
				<지역코드>11110</지역코드>
				<층>11</층>
			</item>
			<item>
				<건축년도>2017</건축년도>
				<년>2019</년>
				<법정동> 평동</법정동>
				<보증금액> 10,000</보증금액>
				<아파트>경희궁자이(3단지)</아파트>
				<월>12</월>
				<월세금액> 230</월세금액>
				<일>16</일>
				<전용면적>77.974</전용면적>
				<지번>233</지번>
				<지역코드>11110</지역코드>
				<층>12</층>
			</item>
			<item>
				<건축년도>2017</건축년도>
				<년>2019</년>
				<법정동> 평동</법정동>
				<보증금액> 90,000</보증금액>
				<아파트>경희궁자이(3단지)</아파트>
				<월>12</월>
				<월세금액> 0</월세금액>
				<일>21</일>
				<전용면적>84.836</전용면적>
				<지번>233</지번>
				<지역코드>11110</지역코드>
				<층>16</층>
			</item>
			<item>
				<건축년도>2017</건축년도>
				<년>2019</년>
				<법정동> 평동</법정동>
				<보증금액> 76,600</보증금액>
				<아파트>경희궁자이(3단지)</아파트>
				<월>12</월>
				<월세금액> 0</월세금액>
				<일>24</일>
				<전용면적>84.836</전용면적>
				<지번>233</지번>
				<지역코드>11110</지역코드>
				<층>10</층>
			</item>
			<item>
				<건축년도>2017</건축년도>
				<년>2019</년>
				<법정동> 평동</법정동>
				<보증금액> 80,000</보증금액>
				<아파트>경희궁자이(3단지)</아파트>
				<월>12</월>
				<월세금액> 0</월세금액>
				<일>28</일>
				<전용면적>59.943</전용면적>
				<지번>233</지번>
				<지역코드>11110</지역코드>
				<층>8</층>
			</item>
			<item>
				<건축년도>2017</건축년도>
				<년>2019</년>
				<법정동> 홍파동</법정동>
				<보증금액> 50,000</보증금액>
				<아파트>경희궁자이(2단지)</아파트>
				<월>12</월>
				<월세금액> 180</월세금액>
				<일>2</일>
				<전용면적>101.991</전용면적>
				<지번>199</지번>
				<지역코드>11110</지역코드>
				<층>9</층>
			</item>
			<item>
				<건축년도>2017</건축년도>
				<년>2019</년>
				<법정동> 홍파동</법정동>
				<보증금액> 85,000</보증금액>
				<아파트>경희궁자이(2단지)</아파트>
				<월>12</월>
				<월세금액> 0</월세금액>
				<일>5</일>
				<전용면적>84.836</전용면적>
				<지번>199</지번>
				<지역코드>11110</지역코드>
				<층>9</층>
			</item>
			<item>
				<건축년도>2017</건축년도>
				<년>2019</년>
				<법정동> 홍파동</법정동>
				<보증금액> 82,000</보증금액>
				<아파트>경희궁자이(2단지)</아파트>
				<월>12</월>
				<월세금액> 0</월세금액>
				<일>6</일>
				<전용면적>84.944</전용면적>
				<지번>199</지번>
				<지역코드>11110</지역코드>
				<층>2</층>
			</item>
			<item>
				<건축년도>2017</건축년도>
				<년>2019</년>
				<법정동> 홍파동</법정동>
				<보증금액> 10,000</보증금액>
				<아파트>경희궁자이(2단지)</아파트>
				<월>12</월>
				<월세금액> 235</월세금액>
				<일>10</일>
				<전용면적>84.836</전용면적>
				<지번>199</지번>
				<지역코드>11110</지역코드>
				<층>16</층>
			</item>
			<item>
				<건축년도>2017</건축년도>
				<년>2019</년>
				<법정동> 홍파동</법정동>
				<보증금액> 89,000</보증금액>
				<아파트>경희궁자이(2단지)</아파트>
				<월>12</월>
				<월세금액> 0</월세금액>
				<일>16</일>
				<전용면적>84.836</전용면적>
				<지번>199</지번>
				<지역코드>11110</지역코드>
				<층>10</층>
			</item>
			<item>
				<건축년도>2017</건축년도>
				<년>2019</년>
				<법정동> 홍파동</법정동>
				<보증금액> 85,000</보증금액>
				<아파트>경희궁자이(2단지)</아파트>
				<월>12</월>
				<월세금액> 0</월세금액>
				<일>19</일>
				<전용면적>84.614</전용면적>
				<지번>199</지번>
				<지역코드>11110</지역코드>
				<층>9</층>
			</item>
			<item>
				<건축년도>2017</건축년도>
				<년>2019</년>
				<법정동> 홍파동</법정동>
				<보증금액> 87,000</보증금액>
				<아파트>경희궁자이(2단지)</아파트>
				<월>12</월>
				<월세금액> 0</월세금액>
				<일>19</일>
				<전용면적>84.836</전용면적>
				<지번>199</지번>
				<지역코드>11110</지역코드>
				<층>9</층>
			</item>
			<item>
				<건축년도>2017</건축년도>
				<년>2019</년>
				<법정동> 홍파동</법정동>
				<보증금액> 73,000</보증금액>
				<아파트>경희궁자이(2단지)</아파트>
				<월>12</월>
				<월세금액> 30</월세금액>
				<일>20</일>
				<전용면적>84.99</전용면적>
				<지번>199</지번>
				<지역코드>11110</지역코드>
				<층>3</층>
			</item>
			<item>
				<건축년도>2017</건축년도>
				<년>2019</년>
				<법정동> 홍파동</법정동>
				<보증금액> 73,000</보증금액>
				<아파트>경희궁자이(2단지)</아파트>
				<월>12</월>
				<월세금액> 0</월세금액>
				<일>23</일>
				<전용면적>59.895</전용면적>
				<지번>199</지번>
				<지역코드>11110</지역코드>
				<층>5</층>
			</item>
			<item>
				<건축년도>2017</건축년도>
				<년>2019</년>
				<법정동> 홍파동</법정동>
				<보증금액> 120,000</보증금액>
				<아파트>경희궁자이(2단지)</아파트>
				<월>12</월>
				<월세금액> 0</월세금액>
				<일>26</일>
				<전용면적>116.938</전용면적>
				<지번>199</지번>
				<지역코드>11110</지역코드>
				<층>17</층>
			</item>
			<item>
				<건축년도>2017</건축년도>
				<년>2019</년>
				<법정동> 교북동</법정동>
				<보증금액> 40,950</보증금액>
				<아파트>경희궁자이(4단지)</아파트>
				<월>12</월>
				<월세금액> 0</월세금액>
				<일>6</일>
				<전용면적>37.2635</전용면적>
				<지번>126</지번>
				<지역코드>11110</지역코드>
				<층>7</층>
			</item>
			<item>
				<건축년도>2017</건축년도>
				<년>2019</년>
				<법정동> 교북동</법정동>
				<보증금액> 10,000</보증금액>
				<아파트>경희궁자이(4단지)</아파트>
				<월>12</월>
				<월세금액> 100</월세금액>
				<일>11</일>
				<전용면적>37.2635</전용면적>
				<지번>126</지번>
				<지역코드>11110</지역코드>
				<층>14</층>
			</item>
			<item>
				<건축년도>2017</건축년도>
				<년>2019</년>
				<법정동> 행촌동</법정동>
				<보증금액> 10,213</보증금액>
				<아파트>경희궁자이(1단지)</아파트>
				<월>12</월>
				<월세금액> 36</월세금액>
				<일>23</일>
				<전용면적>39.0561</전용면적>
				<지번>211</지번>
				<지역코드>11110</지역코드>
				<층>9</층>
			</item>
			<item>
				<건축년도>2017</건축년도>
				<년>2019</년>
				<법정동> 행촌동</법정동>
				<보증금액> 11,348</보증금액>
				<아파트>경희궁자이(1단지)</아파트>
				<월>12</월>
				<월세금액> 40</월세금액>
				<일>23</일>
				<전용면적>39.0561</전용면적>
				<지번>211</지번>
				<지역코드>11110</지역코드>
				<층>7</층>
			</item>
			<item>
				<건축년도>2017</건축년도>
				<년>2019</년>
				<법정동> 행촌동</법정동>
				<보증금액> 10,213</보증금액>
				<아파트>경희궁자이(1단지)</아파트>
				<월>12</월>
				<월세금액> 36</월세금액>
				<일>23</일>
				<전용면적>39.0561</전용면적>
				<지번>211</지번>
				<지역코드>11110</지역코드>
				<층>17</층>
			</item>
			<item>
				<건축년도>2017</건축년도>
				<년>2019</년>
				<법정동> 행촌동</법정동>
				<보증금액> 10,213</보증금액>
				<아파트>경희궁자이(1단지)</아파트>
				<월>12</월>
				<월세금액> 36</월세금액>
				<일>23</일>
				<전용면적>39.0561</전용면적>
				<지번>211</지번>
				<지역코드>11110</지역코드>
				<층>16</층>
			</item>
			<item>
				<건축년도>2017</건축년도>
				<년>2019</년>
				<법정동> 행촌동</법정동>
				<보증금액> 11,348</보증금액>
				<아파트>경희궁자이(1단지)</아파트>
				<월>12</월>
				<월세금액> 40</월세금액>
				<일>23</일>
				<전용면적>39.0561</전용면적>
				<지번>211</지번>
				<지역코드>11110</지역코드>
				<층>5</층>
			</item>
			<item>
				<건축년도>2017</건축년도>
				<년>2019</년>
				<법정동> 행촌동</법정동>
				<보증금액> 10,213</보증금액>
				<아파트>경희궁자이(1단지)</아파트>
				<월>12</월>
				<월세금액> 36</월세금액>
				<일>23</일>
				<전용면적>39.0561</전용면적>
				<지번>211</지번>
				<지역코드>11110</지역코드>
				<층>14</층>
			</item>
			<item>
				<건축년도>2017</건축년도>
				<년>2019</년>
				<법정동> 행촌동</법정동>
				<보증금액> 11,348</보증금액>
				<아파트>경희궁자이(1단지)</아파트>
				<월>12</월>
				<월세금액> 40</월세금액>
				<일>23</일>
				<전용면적>39.0561</전용면적>
				<지번>211</지번>
				<지역코드>11110</지역코드>
				<층>11</층>
			</item>
			<item>
				<건축년도>2017</건축년도>
				<년>2019</년>
				<법정동> 행촌동</법정동>
				<보증금액> 10,213</보증금액>
				<아파트>경희궁자이(1단지)</아파트>
				<월>12</월>
				<월세금액> 36</월세금액>
				<일>23</일>
				<전용면적>39.0561</전용면적>
				<지번>211</지번>
				<지역코드>11110</지역코드>
				<층>15</층>
			</item>
			<item>
				<건축년도>2017</건축년도>
				<년>2019</년>
				<법정동> 행촌동</법정동>
				<보증금액> 9,646</보증금액>
				<아파트>경희궁자이(1단지)</아파트>
				<월>12</월>
				<월세금액> 34</월세금액>
				<일>23</일>
				<전용면적>39.0561</전용면적>
				<지번>211</지번>
				<지역코드>11110</지역코드>
				<층>12</층>
			</item>
			<item>
				<건축년도>2017</건축년도>
				<년>2019</년>
				<법정동> 행촌동</법정동>
				<보증금액> 11,641</보증금액>
				<아파트>경희궁자이(1단지)</아파트>
				<월>12</월>
				<월세금액> 29</월세금액>
				<일>23</일>
				<전용면적>39.0561</전용면적>
				<지번>211</지번>
				<지역코드>11110</지역코드>
				<층>17</층>
			</item>
			<item>
				<건축년도>2017</건축년도>
				<년>2019</년>
				<법정동> 행촌동</법정동>
				<보증금액> 11,641</보증금액>
				<아파트>경희궁자이(1단지)</아파트>
				<월>12</월>
				<월세금액> 29</월세금액>
				<일>23</일>
				<전용면적>39.0561</전용면적>
				<지번>211</지번>
				<지역코드>11110</지역코드>
				<층>15</층>
			</item>
			<item>
				<건축년도>2017</건축년도>
				<년>2019</년>
				<법정동> 행촌동</법정동>
				<보증금액> 10,213</보증금액>
				<아파트>경희궁자이(1단지)</아파트>
				<월>12</월>
				<월세금액> 36</월세금액>
				<일>23</일>
				<전용면적>39.0561</전용면적>
				<지번>211</지번>
				<지역코드>11110</지역코드>
				<층>6</층>
			</item>
			<item>
				<건축년도>2017</건축년도>
				<년>2019</년>
				<법정동> 행촌동</법정동>
				<보증금액> 10,213</보증금액>
				<아파트>경희궁자이(1단지)</아파트>
				<월>12</월>
				<월세금액> 36</월세금액>
				<일>23</일>
				<전용면적>39.0561</전용면적>
				<지번>211</지번>
				<지역코드>11110</지역코드>
				<층>10</층>
			</item>
			<item>
				<건축년도>2017</건축년도>
				<년>2019</년>
				<법정동> 행촌동</법정동>
				<보증금액> 11,641</보증금액>
				<아파트>경희궁자이(1단지)</아파트>
				<월>12</월>
				<월세금액> 29</월세금액>
				<일>24</일>
				<전용면적>39.0561</전용면적>
				<지번>211</지번>
				<지역코드>11110</지역코드>
				<층>10</층>
			</item>
			<item>
				<건축년도>2017</건축년도>
				<년>2019</년>
				<법정동> 행촌동</법정동>
				<보증금액> 10,213</보증금액>
				<아파트>경희궁자이(1단지)</아파트>
				<월>12</월>
				<월세금액> 36</월세금액>
				<일>24</일>
				<전용면적>39.0561</전용면적>
				<지번>211</지번>
				<지역코드>11110</지역코드>
				<층>2</층>
			</item>
			<item>
				<건축년도>2017</건축년도>
				<년>2019</년>
				<법정동> 행촌동</법정동>
				<보증금액> 10,213</보증금액>
				<아파트>경희궁자이(1단지)</아파트>
				<월>12</월>
				<월세금액> 36</월세금액>
				<일>24</일>
				<전용면적>39.0561</전용면적>
				<지번>211</지번>
				<지역코드>11110</지역코드>
				<층>17</층>
			</item>
			<item>
				<건축년도>2017</건축년도>
				<년>2019</년>
				<법정동> 행촌동</법정동>
				<보증금액> 10,213</보증금액>
				<아파트>경희궁자이(1단지)</아파트>
				<월>12</월>
				<월세금액> 36</월세금액>
				<일>24</일>
				<전용면적>39.0561</전용면적>
				<지번>211</지번>
				<지역코드>11110</지역코드>
				<층>3</층>
			</item>
			<item>
				<건축년도>2017</건축년도>
				<년>2019</년>
				<법정동> 행촌동</법정동>
				<보증금액> 10,213</보증금액>
				<아파트>경희궁자이(1단지)</아파트>
				<월>12</월>
				<월세금액> 36</월세금액>
				<일>24</일>
				<전용면적>39.0561</전용면적>
				<지번>211</지번>
				<지역코드>11110</지역코드>
				<층>9</층>
			</item>
			<item>
				<건축년도>2017</건축년도>
				<년>2019</년>
				<법정동> 행촌동</법정동>
				<보증금액> 10,213</보증금액>
				<아파트>경희궁자이(1단지)</아파트>
				<월>12</월>
				<월세금액> 36</월세금액>
				<일>24</일>
				<전용면적>39.0561</전용면적>
				<지번>211</지번>
				<지역코드>11110</지역코드>
				<층>3</층>
			</item>
			<item>
				<건축년도>2017</건축년도>
				<년>2019</년>
				<법정동> 행촌동</법정동>
				<보증금액> 11,348</보증금액>
				<아파트>경희궁자이(1단지)</아파트>
				<월>12</월>
				<월세금액> 40</월세금액>
				<일>24</일>
				<전용면적>39.0561</전용면적>
				<지번>211</지번>
				<지역코드>11110</지역코드>
				<층>11</층>
			</item>
			<item>
				<건축년도>2017</건축년도>
				<년>2019</년>
				<법정동> 행촌동</법정동>
				<보증금액> 10,213</보증금액>
				<아파트>경희궁자이(1단지)</아파트>
				<월>12</월>
				<월세금액> 36</월세금액>
				<일>24</일>
				<전용면적>39.0561</전용면적>
				<지번>211</지번>
				<지역코드>11110</지역코드>
				<층>14</층>
			</item>
			<item>
				<건축년도>2017</건축년도>
				<년>2019</년>
				<법정동> 행촌동</법정동>
				<보증금액> 11,348</보증금액>
				<아파트>경희궁자이(1단지)</아파트>
				<월>12</월>
				<월세금액> 40</월세금액>
				<일>24</일>
				<전용면적>39.0561</전용면적>
				<지번>211</지번>
				<지역코드>11110</지역코드>
				<층>19</층>
			</item>
			<item>
				<건축년도>2017</건축년도>
				<년>2019</년>
				<법정동> 행촌동</법정동>
				<보증금액> 10,213</보증금액>
				<아파트>경희궁자이(1단지)</아파트>
				<월>12</월>
				<월세금액> 36</월세금액>
				<일>24</일>
				<전용면적>39.0561</전용면적>
				<지번>211</지번>
				<지역코드>11110</지역코드>
				<층>10</층>
			</item>
			<item>
				<건축년도>2017</건축년도>
				<년>2019</년>
				<법정동> 행촌동</법정동>
				<보증금액> 11,348</보증금액>
				<아파트>경희궁자이(1단지)</아파트>
				<월>12</월>
				<월세금액> 40</월세금액>
				<일>24</일>
				<전용면적>39.0561</전용면적>
				<지번>211</지번>
				<지역코드>11110</지역코드>
				<층>11</층>
			</item>
			<item>
				<건축년도>2017</건축년도>
				<년>2019</년>
				<법정동> 행촌동</법정동>
				<보증금액> 10,213</보증금액>
				<아파트>경희궁자이(1단지)</아파트>
				<월>12</월>
				<월세금액> 36</월세금액>
				<일>24</일>
				<전용면적>39.0561</전용면적>
				<지번>211</지번>
				<지역코드>11110</지역코드>
				<층>14</층>
			</item>
			<item>
				<건축년도>2017</건축년도>
				<년>2019</년>
				<법정동> 행촌동</법정동>
				<보증금액> 11,348</보증금액>
				<아파트>경희궁자이(1단지)</아파트>
				<월>12</월>
				<월세금액> 40</월세금액>
				<일>24</일>
				<전용면적>39.0561</전용면적>
				<지번>211</지번>
				<지역코드>11110</지역코드>
				<층>2</층>
			</item>
			<item>
				<건축년도>1997</건축년도>
				<년>2019</년>
				<법정동> 평창동</법정동>
				<보증금액> 12,500</보증금액>
				<아파트>갑을</아파트>
				<월>12</월>
				<월세금액> 0</월세금액>
				<일>2</일>
				<전용면적>30.55</전용면적>
				<지번>595</지번>
				<지역코드>11110</지역코드>
				<층>13</층>
			</item>
			<item>
				<건축년도>2009</건축년도>
				<년>2019</년>
				<법정동> 평창동</법정동>
				<보증금액> 75,000</보증금액>
				<아파트>롯데캐슬 로잔</아파트>
				<월>12</월>
				<월세금액> 0</월세금액>
				<일>10</일>
				<전용면적>219.775</전용면적>
				<지번>108</지번>
				<지역코드>11110</지역코드>
				<층>2</층>
			</item>
			<item>
				<건축년도>1998</건축년도>
				<년>2019</년>
				<법정동> 평창동</법정동>
				<보증금액> 47,700</보증금액>
				<아파트>삼성</아파트>
				<월>12</월>
				<월세금액> 0</월세금액>
				<일>13</일>
				<전용면적>84.93</전용면적>
				<지번>596</지번>
				<지역코드>11110</지역코드>
				<층>9</층>
			</item>
			<item>
				<건축년도>1998</건축년도>
				<년>2019</년>
				<법정동> 평창동</법정동>
				<보증금액> 30,000</보증금액>
				<아파트>삼성</아파트>
				<월>12</월>
				<월세금액> 20</월세금액>
				<일>28</일>
				<전용면적>84.93</전용면적>
				<지번>596</지번>
				<지역코드>11110</지역코드>
				<층>15</층>
			</item>
			<item>
				<건축년도>2008</건축년도>
				<년>2019</년>
				<법정동> 무악동</법정동>
				<보증금액> 60,000</보증금액>
				<아파트>인왕산아이파크</아파트>
				<월>12</월>
				<월세금액> 0</월세금액>
				<일>9</일>
				<전용면적>84.858</전용면적>
				<지번>60</지번>
				<지역코드>11110</지역코드>
				<층>11</층>
			</item>
			<item>
				<건축년도>2000</건축년도>
				<년>2019</년>
				<법정동> 무악동</법정동>
				<보증금액> 62,000</보증금액>
				<아파트>현대</아파트>
				<월>12</월>
				<월세금액> 0</월세금액>
				<일>17</일>
				<전용면적>114.9</전용면적>
				<지번>82</지번>
				<지역코드>11110</지역코드>
				<층>11</층>
			</item>
			<item>
				<건축년도>2000</건축년도>
				<년>2019</년>
				<법정동> 무악동</법정동>
				<보증금액> 51,000</보증금액>
				<아파트>현대</아파트>
				<월>12</월>
				<월세금액> 0</월세금액>
				<일>17</일>
				<전용면적>84.92</전용면적>
				<지번>82</지번>
				<지역코드>11110</지역코드>
				<층>20</층>
			</item>
			<item>
				<건축년도>2008</건축년도>
				<년>2019</년>
				<법정동> 무악동</법정동>
				<보증금액> 53,000</보증금액>
				<아파트>인왕산아이파크</아파트>
				<월>12</월>
				<월세금액> 0</월세금액>
				<일>27</일>
				<전용면적>59.993</전용면적>
				<지번>60</지번>
				<지역코드>11110</지역코드>
				<층>4</층>
			</item>
		</items>
		<numOfRows>10</numOfRows>
		<pageNo>1</pageNo>
		<totalCount>90</totalCount>
	</body>
</response>
