<?xml version="1.0" encoding="UTF-8" standalone="yes"?>
<response>
	<header>
		<resultCode>00</resultCode>
		<resultMsg>NORMAL SERVICE.</resultMsg>
	</header>
	<body>
		<items>
			<item>
				<거래금액> 120,000</거래금액>
				<건축년도>1988</건축년도>
				<년>2019</년>
				<대지권면적>170.95</대지권면적>
				<법정동> 청운동</법정동>
				<연립다세대>청운벽산빌리지</연립다세대>
				<월>12</월>
				<일>2</일>
				<전용면적>176.4</전용면적>
				<지번>1</지번>
				<지역코드>11110</지역코드>
				<층>-1</층>
			</item>
			<item>
				<거래금액> 40,000</거래금액>
				<건축년도>2000</건축년도>
				<년>2019</년>
				<대지권면적>93.66</대지권면적>
				<법정동> 청운동</법정동>
				<연립다세대>신구파인힐</연립다세대>
				<월>12</월>
				<일>31</일>
				<전용면적>90.72</전용면적>
				<지번>4-7</지번>
				<지역코드>11110</지역코드>
				<층>-1</층>
			</item>
			<item>
				<거래금액> 34,500</거래금액>
				<건축년도>2002</건축년도>
				<년>2019</년>
				<대지권면적>28.51</대지권면적>
				<법정동> 누상동</법정동>
				<연립다세대>코디골드빌101동</연립다세대>
				<월>12</월>
				<일>17</일>
				<전용면적>59.88</전용면적>
				<지번>162</지번>
				<지역코드>11110</지역코드>
				<층>1</층>
			</item>
			<item>
				<거래금액> 40,000</거래금액>
				<건축년도>2003</건축년도>
				<년>2019</년>
				<대지권면적>40.03</대지권면적>
				<법정동> 체부동</법정동>
				<연립다세대>평화빌라</연립다세대>
				<월>12</월>
				<일>13</일>
				<전용면적>65.46</전용면적>
				<지번>170-1</지번>
				<지역코드>11110</지역코드>
				<층>3</층>
			</item>
			<item>
				<거래금액> 75,000</거래금액>
				<건축년도>2007</건축년도>
				<년>2019</년>
				<대지권면적>78.62</대지권면적>
				<법정동> 사직동</법정동>
				<연립다세대>(311-7)</연립다세대>
				<월>12</월>
				<일>24</일>
				<전용면적>68.97</전용면적>
				<지번>311-7</지번>
				<지역코드>11110</지역코드>
				<층>3</층>
			</item>
			<item>
				<거래금액> 31,500</거래금액>
				<건축년도>1998</건축년도>
				<년>2019</년>
				<대지권면적>31.975</대지권면적>
				<법정동> 원서동</법정동>
				<연립다세대>상원주택(77-72)</연립다세대>
				<월>12</월>
				<일>25</일>
				<전용면적>59.66</전용면적>
				<지번>77-72</지번>
				<지역코드>11110</지역코드>
				<층>4</층>
			</item>
			<item>
				<거래금액> 37,000</거래금액>
				<건축년도>1994</건축년도>
				<년>2019</년>
				<대지권면적>41.1</대지권면적>
				<법정동> 동숭동</법정동>
				<연립다세대>팔도그린빌라(31-10)</연립다세대>
				<월>12</월>
				<일>11</일>
				<전용면적>81.99</전용면적>
				<지번>31-10</지번>
				<지역코드>11110</지역코드>
				<층>1</층>
			</item>
			<item>
				<거래금액> 35,000</거래금액>
				<건축년도>2000</건축년도>
				<년>2019</년>
				<대지권면적>37.094</대지권면적>
				<법정동> 동숭동</법정동>
				<연립다세대>(4-3)</연립다세대>
				<월>12</월>
				<일>30</일>
				<전용면적>71.46</전용면적>
				<지번>4-3</지번>
				<지역코드>11110</지역코드>
				<층>2</층>
			</item>
			<item>
				<거래금액> 45,000</거래금액>
				<건축년도>2000</건축년도>
				<년>2019</년>
				<대지권면적>51.78</대지권면적>
				<법정동> 명륜1가</법정동>
				<연립다세대>레츠빌</연립다세대>
				<월>12</월>
				<일>3</일>
				<전용면적>75.33</전용면적>
				<지번>36-27</지번>
				<지역코드>11110</지역코드>
				<층>2</층>
			</item>
			<item>
				<거래금액> 31,000</거래금액>
				<건축년도>2002</건축년도>
				<년>2019</년>
				<대지권면적>33.26</대지권면적>
				<법정동> 명륜1가</법정동>
				<연립다세대>해피타운B</연립다세대>
				<월>12</월>
				<일>4</일>
				<전용면적>63.14</전용면적>
				<지번>5-30</지번>
				<지역코드>11110</지역코드>
				<층>4</층>
			</item>
			<item>
				<거래금액> 41,000</거래금액>
				<건축년도>1991</건축년도>
				<년>2019</년>
				<대지권면적>51.2375</대지권면적>
				<법정동> 명륜1가</법정동>
				<연립다세대>명륜아트빌라</연립다세대>
				<월>12</월>
				<일>10</일>
				<전용면적>76.98</전용면적>
				<지번>36-31</지번>
				<지역코드>11110</지역코드>
				<층>1</층>
			</item>
			<item>
				<거래금액> 37,000</거래금액>
				<건축년도>2003</건축년도>
				<년>2019</년>
				<대지권면적>35.98</대지권면적>
				<법정동> 명륜1가</법정동>
				<연립다세대>청화빌</연립다세대>
				<월>12</월>
				<일>27</일>
				<전용면적>76.8</전용면적>
				<지번>16-66</지번>
				<지역코드>11110</지역코드>
				<층>1</층>
			</item>
			<item>
				<거래금액> 42,000</거래금액>
				<건축년도>2003</건축년도>
				<년>2019</년>
				<대지권면적>43.47</대지권면적>
				<법정동> 명륜1가</법정동>
				<연립다세대>양지빌라트(36-24)</연립다세대>
				<월>12</월>
				<일>30</일>
				<전용면적>73.92</전용면적>
				<지번>36-24</지번>
				<지역코드>11110</지역코드>
				<층>5</층>
			</item>
			<item>
				<거래금액> 15,450</거래금액>
				<건축년도>1993</건축년도>
				<년>2019</년>
				<대지권면적>23.75</대지권면적>
				<법정동> 명륜3가</법정동>
				<연립다세대>도시빌라B</연립다세대>
				<월>12</월>
				<일>20</일>
				<전용면적>39.01</전용면적>
				<지번>153-18</지번>
				<지역코드>11110</지역코드>
				<층>-1</층>
			</item>
			<item>
				<거래금액> 10,000</거래금액>
				<건축년도>2000</건축년도>
				<년>2019</년>
				<대지권면적>12.09</대지권면적>
				<법정동> 창신동</법정동>
				<연립다세대>현대도시빌</연립다세대>
				<월>12</월>
				<일>5</일>
				<전용면적>28.99</전용면적>
				<지번>638-3</지번>
				<지역코드>11110</지역코드>
				<층>3</층>
			</item>
			<item>
				<거래금액> 8,000</거래금액>
				<건축년도>1989</건축년도>
				<년>2019</년>
				<대지권면적>20.98</대지권면적>
				<법정동> 창신동</법정동>
				<연립다세대>(619-2)</연립다세대>
				<월>12</월>
				<일>6</일>
				<전용면적>40.75</전용면적>
				<지번>619-2</지번>
				<지역코드>11110</지역코드>
				<층>1</층>
			</item>
			<item>
				<거래금액> 13,500</거래금액>
				<건축년도>1989</건축년도>
				<년>2019</년>
				<대지권면적>20.98</대지권면적>
				<법정동> 창신동</법정동>
				<연립다세대>(619-2)</연립다세대>
				<월>12</월>
				<일>6</일>
				<전용면적>40.75</전용면적>
				<지번>619-2</지번>
				<지역코드>11110</지역코드>
				<층>3</층>
			</item>
			<item>
				<거래금액> 36,000</거래금액>
				<건축년도>2002</건축년도>
				<년>2019</년>
				<대지권면적>33.86</대지권면적>
				<법정동> 창신동</법정동>
				<연립다세대>탑스빌1</연립다세대>
				<월>12</월>
				<일>10</일>
				<전용면적>68.18</전용면적>
				<지번>114-2</지번>
				<지역코드>11110</지역코드>
				<층>4</층>
			</item>
			<item>
				<거래금액> 18,900</거래금액>
				<건축년도>2005</건축년도>
				<년>2019</년>
				<대지권면적>44.2</대지권면적>
				<법정동> 창신동</법정동>
				<연립다세대>(607-9)</연립다세대>
				<월>12</월>
				<일>14</일>
				<전용면적>47.3</전용면적>
				<지번>607-9</지번>
				<지역코드>11110</지역코드>
				<층>2</층>
			</item>
			<item>
				<거래금액> 13,500</거래금액>
				<건축년도>1989</건축년도>
				<년>2019</년>
				<대지권면적>20.975</대지권면적>
				<법정동> 창신동</법정동>
				<연립다세대>(619-2)</연립다세대>
				<월>12</월>
				<일>16</일>
				<전용면적>40.75</전용면적>
				<지번>619-2</지번>
				<지역코드>11110</지역코드>
				<층>2</층>
			</item>
			<item>
				<거래금액> 17,000</거래금액>
				<건축년도>1996</건축년도>
				<년>2019</년>
				<대지권면적>23.8</대지권면적>
				<법정동> 창신동</법정동>
				<연립다세대>(629-28)</연립다세대>
				<월>12</월>
				<일>20</일>
				<전용면적>44.53</전용면적>
				<지번>629-28</지번>
				<지역코드>11110</지역코드>
				<층>4</층>
			</item>
			<item>
				<거래금액> 17,500</거래금액>
				<건축년도>1997</건축년도>
				<년>2019</년>
				<대지권면적>17.92</대지권면적>
				<법정동> 창신동</법정동>
				<연립다세대>(629-39)</연립다세대>
				<월>12</월>
				<일>24</일>
				<전용면적>44.2</전용면적>
				<지번>629-39</지번>
				<지역코드>11110</지역코드>
				<층>-1</층>
			</item>
			<item>
				<거래금액> 14,000</거래금액>
				<건축년도>1997</건축년도>
				<년>2019</년>
				<대지권면적>19.5</대지권면적>
				<법정동> 창신동</법정동>
				<연립다세대>(629-33)</연립다세대>
				<월>12</월>
				<일>27</일>
				<전용면적>34.24</전용면적>
				<지번>629-33</지번>
				<지역코드>11110</지역코드>
				<층>2</층>
			</item>
			<item>
				<거래금액> 24,000</거래금액>
				<건축년도>2015</건축년도>
				<년>2019</년>
				<대지권면적>20.63</대지권면적>
				<법정동> 숭인동</법정동>
				<연립다세대>종로파크</연립다세대>
				<월>12</월>
				<일>10</일>
				<전용면적>36.03</전용면적>
				<지번>72-48</지번>
				<지역코드>11110</지역코드>
				<층>3</층>
			</item>
			<item>
				<거래금액> 10,000</거래금액>
				<건축년도>1994</건축년도>
				<년>2019</년>
				<대지권면적>14.73</대지권면적>
				<법정동> 숭인동</법정동>
				<연립다세대>대한빌라</연립다세대>
				<월>12</월>
				<일>28</일>
				<전용면적>22.68</전용면적>
				<지번>1479</지번>
				<지역코드>11110</지역코드>
				<층>3</층>
			</item>
			<item>
				<거래금액> 18,500</거래금액>
				<건축년도>1995</건축년도>
				<년>2019</년>
				<대지권면적>23.24</대지권면적>
				<법정동> 행촌동</법정동>
				<연립다세대>(210-39)</연립다세대>
				<월>12</월>
				<일>9</일>
				<전용면적>52.14</전용면적>
				<지번>210-39</지번>
				<지역코드>11110</지역코드>
				<층>3</층>
			</item>
			<item>
				<거래금액> 12,000</거래금액>
				<건축년도>1994</건축년도>
				<년>2019</년>
				<대지권면적>13.7</대지권면적>
				<법정동> 행촌동</법정동>
				<연립다세대>(210-178)</연립다세대>
				<월>12</월>
				<일>16</일>
				<전용면적>39.28</전용면적>
				<지번>210-178</지번>
				<지역코드>11110</지역코드>
				<층>-1</층>
			</item>
			<item>
				<거래금액> 23,500</거래금액>
				<건축년도>2001</건축년도>
				<년>2019</년>
				<대지권면적>18.72</대지권면적>
				<법정동> 행촌동</법정동>
				<연립다세대>성우빌라6차</연립다세대>
				<월>12</월>
				<일>19</일>
				<전용면적>59.68</전용면적>
				<지번>171-174</지번>
				<지역코드>11110</지역코드>
				<층>4</층>
			</item>
			<item>
				<거래금액> 16,400</거래금액>
				<건축년도>1999</건축년도>
				<년>2019</년>
				<대지권면적>23.41</대지권면적>
				<법정동> 행촌동</법정동>
				<연립다세대>동일빌라7차</연립다세대>
				<월>12</월>
				<일>20</일>
				<전용면적>60</전용면적>
				<지번>5-1</지번>
				<지역코드>11110</지역코드>
				<층>3</층>
			</item>
			<item>
				<거래금액> 23,500</거래금액>
				<건축년도>2002</건축년도>
				<년>2019</년>
				<대지권면적>24</대지권면적>
				<법정동> 행촌동</법정동>
				<연립다세대>동국빌라</연립다세대>
				<월>12</월>
				<일>24</일>
				<전용면적>59.82</전용면적>
				<지번>171-128</지번>
				<지역코드>11110</지역코드>
				<층>2</층>
			</item>
			<item>
				<거래금액> 18,500</거래금액>
				<건축년도>2000</건축년도>
				<년>2019</년>
				<대지권면적>21.5</대지권면적>
				<법정동> 행촌동</법정동>
				<연립다세대>대성빌라</연립다세대>
				<월>12</월>
				<일>27</일>
				<전용면적>60.17</전용면적>
				<지번>171-46</지번>
				<지역코드>11110</지역코드>
				<층>3</층>
			</item>
			<item>
				<거래금액> 16,000</거래금액>
				<건축년도>1994</건축년도>
				<년>2019</년>
				<대지권면적>14.78</대지권면적>
				<법정동> 행촌동</법정동>
				<연립다세대>(210-178)</연립다세대>
				<월>12</월>
				<일>28</일>
				<전용면적>39.28</전용면적>
				<지번>210-178</지번>
				<지역코드>11110</지역코드>
				<층>2</층>
			</item>
			<item>
				<거래금액> 63,000</거래금액>
				<건축년도>1997</건축년도>
				<년>2019</년>
				<대지권면적>150.462</대지권면적>
				<법정동> 구기동</법정동>
				<연립다세대>삼성운정빌라트(A,B동)</연립다세대>
				<월>12</월>
				<일>7</일>
				<전용면적>136.11</전용면적>
				<지번>36-1</지번>
				<지역코드>11110</지역코드>
				<층>1</층>
			</item>
			<item>
				<거래금액> 47,000</거래금액>
				<건축년도>1984</건축년도>
				<년>2019</년>
				<대지권면적>151.3216</대지권면적>
				<법정동> 구기동</법정동>
				<연립다세대>삼진파크맨션(가,나동)</연립다세대>
				<월>12</월>
				<일>10</일>
				<전용면적>138.92</전용면적>
				<지번>238-1</지번>
				<지역코드>11110</지역코드>
				<층>3</층>
			</item>
			<item>
				<거래금액> 35,000</거래금액>
				<건축년도>1986</건축년도>
				<년>2019</년>
				<대지권면적>82.75</대지권면적>
				<법정동> 구기동</법정동>
				<연립다세대>삼진파크맨션(다,라동)</연립다세대>
				<월>12</월>
				<일>16</일>
				<전용면적>91.95</전용면적>
				<지번>121</지번>
				<지역코드>11110</지역코드>
				<층>2</층>
			</item>
			<item>
				<거래금액> 45,000</거래금액>
				<건축년도>1991</건축년도>
				<년>2019</년>
				<대지권면적>112.65</대지권면적>
				<법정동> 구기동</법정동>
				<연립다세대>동진스위트빌라(1동)</연립다세대>
				<월>12</월>
				<일>18</일>
				<전용면적>164.79</전용면적>
				<지번>110-6</지번>
				<지역코드>11110</지역코드>
				<층>1</층>
			</item>
			<item>
				<거래금액> 47,000</거래금액>
				<건축년도>1984</건축년도>
				<년>2019</년>
				<대지권면적>151.3414</대지권면적>
				<법정동> 구기동</법정동>
				<연립다세대>삼진파크맨션(가,나동)</연립다세대>
				<월>12</월>
				<일>19</일>
				<전용면적>141.09</전용면적>
				<지번>238-1</지번>
				<지역코드>11110</지역코드>
				<층>2</층>
			</item>
			<item>
				<거래금액> 16,500</거래금액>
				<건축년도>1996</건축년도>
				<년>2019</년>
				<대지권면적>40.79</대지권면적>
				<법정동> 평창동</법정동>
				<연립다세대>평창아트빌라</연립다세대>
				<월>12</월>
				<일>6</일>
				<전용면적>36.51</전용면적>
				<지번>234-25</지번>
				<지역코드>11110</지역코드>
				<층>1</층>
			</item>
			<item>
				<거래금액> 52,500</거래금액>
				<건축년도>1995</건축년도>
				<년>2019</년>
				<대지권면적>64.93</대지권면적>
				<법정동> 평창동</법정동>
				<연립다세대>효진빌라</연립다세대>
				<월>12</월>
				<일>8</일>
				<전용면적>110.37</전용면적>
				<지번>295-1</지번>
				<지역코드>11110</지역코드>
				<층>4</층>
			</item>
			<item>
				<거래금액> 48,000</거래금액>
				<건축년도>1992</건축년도>
				<년>2019</년>
				<대지권면적>137.71</대지권면적>
				<법정동> 평창동</법정동>
				<연립다세대>오륜아트빌라</연립다세대>
				<월>12</월>
				<일>9</일>
				<전용면적>114.92</전용면적>
				<지번>175-1</지번>
				<지역코드>11110</지역코드>
				<층>1</층>
			</item>
			<item>
				<거래금액> 47,000</거래금액>
				<건축년도>1992</건축년도>
				<년>2019</년>
				<대지권면적>106.83</대지권면적>
				<법정동> 평창동</법정동>
				<연립다세대>금강주택</연립다세대>
				<월>12</월>
				<일>16</일>
				<전용면적>84.95</전용면적>
				<지번>170</지번>
				<지역코드>11110</지역코드>
				<층>2</층>
			</item>
			<item>
				<거래금액> 33,500</거래금액>
				<건축년도>2016</건축년도>
				<년>2019</년>
				<대지권면적>62.9968</대지권면적>
				<법정동> 평창동</법정동>
				<연립다세대>더스마츠</연립다세대>
				<월>12</월>
				<일>16</일>
				<전용면적>49.36</전용면적>
				<지번>148-28</지번>
				<지역코드>11110</지역코드>
				<층>2</층>
			</item>
			<item>
				<거래금액> 38,000</거래금액>
				<건축년도>1986</건축년도>
				<년>2019</년>
				<대지권면적>90.83</대지권면적>
				<법정동> 평창동</법정동>
				<연립다세대>럭키평창빌라</연립다세대>
				<월>12</월>
				<일>30</일>
				<전용면적>62.82</전용면적>
				<지번>329-2</지번>
				<지역코드>11110</지역코드>
				<층>1</층>
			</item>
			<item>
				<거래금액> 35,300</거래금액>
				<건축년도>2010</건축년도>
				<년>2019</년>
				<대지권면적>31.75</대지권면적>
				<법정동> 부암동</법정동>
				<연립다세대>더빌</연립다세대>
				<월>12</월>
				<일>4</일>
				<전용면적>53.07</전용면적>
				<지번>208-35</지번>
				<지역코드>11110</지역코드>
				<층>3</층>
			</item>
		</items>
		<numOfRows>10</numOfRows>
		<pageNo>1</pageNo>
		<totalCount>44</totalCount>
	</body>
</response>
