<?xml version="1.0" encoding="UTF-8" standalone="yes"?>
<response>
	<header>
		<resultCode>00</resultCode>
		<resultMsg>NORMAL SERVICE.</resultMsg>
	</header>
	<body>
		<items>
			<item>
				<건축년도>2002</건축년도>
				<년>2019</년>
				<법정동> 청운동</법정동>
				<보증금액> 47,000</보증금액>
				<연립다세대>아트빌</연립다세대>
				<월>12</월>
				<월세금액> 0</월세금액>
				<일>14</일>
				<전용면적>84.93</전용면적>
				<지번>89-5</지번>
				<지역코드>11110</지역코드>
				<층>1</층>
			</item>
			<item>
				<건축년도>2010</건축년도>
				<년>2019</년>
				<법정동> 청운동</법정동>
				<보증금액> 40,000</보증금액>
				<연립다세대>효산빌리지</연립다세대>
				<월>12</월>
				<월세금액> 0</월세금액>
				<일>30</일>
				<전용면적>65.59</전용면적>
				<지번>52-5</지번>
				<지역코드>11110</지역코드>
				<층>2</층>
			</item>
			<item>
				<건축년도>1996</건축년도>
				<년>2019</년>
				<법정동> 신교동</법정동>
				<보증금액> 22,000</보증금액>
				<연립다세대>청암빌라</연립다세대>
				<월>12</월>
				<월세금액> 0</월세금액>
				<일>2</일>
				<전용면적>59.49</전용면적>
				<지번>19-1</지번>
				<지역코드>11110</지역코드>
				<층>3</층>
			</item>
			<item>
				<건축년도>1997</건축년도>
				<년>2019</년>
				<법정동> 신교동</법정동>
				<보증금액> 30,000</보증금액>
				<연립다세대>유성빌라</연립다세대>
				<월>12</월>
				<월세금액> 0</월세금액>
				<일>24</일>
				<전용면적>59.8</전용면적>
				<지번>17-38</지번>
				<지역코드>11110</지역코드>
				<층>3</층>
			</item>
			<item>
				<건축년도>1997</건축년도>
				<년>2019</년>
				<법정동> 신교동</법정동>
				<보증금액> 20,000</보증금액>
				<연립다세대>(17-18)</연립다세대>
				<월>12</월>
				<월세금액> 0</월세금액>
				<일>26</일>
				<전용면적>43.23</전용면적>
				<지번>17-18</지번>
				<지역코드>11110</지역코드>
				<층>1</층>
			</item>
			<item>
				<건축년도>2003</건축년도>
				<년>2019</년>
				<법정동> 효자동</법정동>
				<보증금액> 35,000</보증금액>
				<연립다세대>대진빌라</연립다세대>
				<월>12</월>
				<월세금액> 0</월세금액>
				<일>14</일>
				<전용면적>64.04</전용면적>
				<지번>165-5</지번>
				<지역코드>11110</지역코드>
				<층>2</층>
			</item>
			<item>
				<건축년도>2003</건축년도>
				<년>2019</년>
				<법정동> 통의동</법정동>
				<보증금액> 45,000</보증금액>
				<연립다세대>(9-1)</연립다세대>
				<월>12</월>
				<월세금액> 0</월세금액>
				<일>2</일>
				<전용면적>70.38</전용면적>
				<지번>9-1</지번>
				<지역코드>11110</지역코드>
				<층>5</층>
			</item>
			<item>
				<건축년도>2013</건축년도>
				<년>2019</년>
				<법정동> 누상동</법정동>
				<보증금액> 23,500</보증금액>
				<연립다세대>신원아트빌</연립다세대>
				<월>12</월>
				<월세금액> 0</월세금액>
				<일>4</일>
				<전용면적>40.96</전용면적>
				<지번>166-7</지번>
				<지역코드>11110</지역코드>
				<층>4</층>
			</item>
			<item>
				<건축년도>2007</건축년도>
				<년>2019</년>
				<법정동> 누상동</법정동>
				<보증금액> 3,000</보증금액>
				<연립다세대>해오름빌</연립다세대>
				<월>12</월>
				<월세금액> 20</월세금액>
				<일>4</일>
				<전용면적>66.26</전용면적>
				<지번>29-8</지번>
				<지역코드>11110</지역코드>
				<층>4</층>
			</item>
			<item>
				<건축년도>2000</건축년도>
				<년>2019</년>
				<법정동> 누상동</법정동>
				<보증금액> 23,000</보증금액>
				<연립다세대>문화빌라B동</연립다세대>
				<월>12</월>
				<월세금액> 0</월세금액>
				<일>9</일>
				<전용면적>56.61</전용면적>
				<지번>116</지번>
				<지역코드>11110</지역코드>
				<층>4</층>
			</item>
			<item>
				<건축년도>2000</건축년도>
				<년>2019</년>
				<법정동> 누상동</법정동>
				<보증금액> 26,000</보증금액>
				<연립다세대>녹원A동</연립다세대>
				<월>12</월>
				<월세금액> 0</월세금액>
				<일>12</일>
				<전용면적>59.64</전용면적>
				<지번>120-3</지번>
				<지역코드>11110</지역코드>
				<층>4</층>
			</item>
			<item>
				<건축년도>1997</건축년도>
				<년>2019</년>
				<법정동> 누상동</법정동>
				<보증금액> 42,997</보증금액>
				<연립다세대>매운족발</연립다세대>
				<월>12</월>
				<월세금액> 0</월세금액>
				<일>14</일>
				<전용면적>52.38</전용면적>
				<지번>55-3</지번>
				<지역코드>11110</지역코드>
				<층>5</층>
			</item>
			<item>
				<건축년도>2000</건축년도>
				<년>2019</년>
				<법정동> 누상동</법정동>
				<보증금액> 26,000</보증금액>
				<연립다세대>이원명가(5-2)</연립다세대>
				<월>12</월>
				<월세금액> 0</월세금액>
				<일>15</일>
				<전용면적>59.9</전용면적>
				<지번>5-2</지번>
				<지역코드>11110</지역코드>
				<층>4</층>
			</item>
			<item>
				<건축년도>2000</건축년도>
				<년>2019</년>
				<법정동> 누상동</법정동>
				<보증금액> 22,000</보증금액>
				<연립다세대>유니힐하이츠1</연립다세대>
				<월>12</월>
				<월세금액> 0</월세금액>
				<일>21</일>
				<전용면적>58.44</전용면적>
				<지번>166-125</지번>
				<지역코드>11110</지역코드>
				<층>2</층>
			</item>
			<item>
				<건축년도>2003</건축년도>
				<년>2019</년>
				<법정동> 옥인동</법정동>
				<보증금액> 47,000</보증금액>
				<연립다세대>퍼스트빌A동</연립다세대>
				<월>12</월>
				<월세금액> 0</월세금액>
				<일>12</일>
				<전용면적>73.4</전용면적>
				<지번>90-2</지번>
				<지역코드>11110</지역코드>
				<층>5</층>
			</item>
			<item>
				<건축년도>2001</건축년도>
				<년>2019</년>
				<법정동> 사직동</법정동>
				<보증금액> 2,000</보증금액>
				<연립다세대>대청주택</연립다세대>
				<월>12</월>
				<월세금액> 0</월세금액>
				<일>23</일>
				<전용면적>59.73</전용면적>
				<지번>286</지번>
				<지역코드>11110</지역코드>
				<층>1</층>
			</item>
			<item>
				<건축년도>1997</건축년도>
				<년>2019</년>
				<법정동> 원서동</법정동>
				<보증금액> 14,000</보증금액>
				<연립다세대>(4-23)</연립다세대>
				<월>12</월>
				<월세금액> 0</월세금액>
				<일>4</일>
				<전용면적>28.26</전용면적>
				<지번>4-23</지번>
				<지역코드>11110</지역코드>
				<층>1</층>
			</item>
			<item>
				<건축년도>2002</건축년도>
				<년>2019</년>
				<법정동> 원서동</법정동>
				<보증금액> 1,200</보증금액>
				<연립다세대>운현빌라</연립다세대>
				<월>12</월>
				<월세금액> 0</월세금액>
				<일>5</일>
				<전용면적>35.65</전용면적>
				<지번>76-43</지번>
				<지역코드>11110</지역코드>
				<층>3</층>
			</item>
			<item>
				<건축년도>1997</건축년도>
				<년>2019</년>
				<법정동> 원서동</법정동>
				<보증금액> 2,000</보증금액>
				<연립다세대>(86-19)</연립다세대>
				<월>12</월>
				<월세금액> 25</월세금액>
				<일>7</일>
				<전용면적>14.56</전용면적>
				<지번>86-19</지번>
				<지역코드>11110</지역코드>
				<층>4</층>
			</item>
			<item>
				<건축년도>1998</건축년도>
				<년>2019</년>
				<법정동> 원서동</법정동>
				<보증금액> 25,000</보증금액>
				<연립다세대>조은빌라</연립다세대>
				<월>12</월>
				<월세금액> 0</월세금액>
				<일>11</일>
				<전용면적>59.89</전용면적>
				<지번>77-44</지번>
				<지역코드>11110</지역코드>
				<층>3</층>
			</item>
			<item>
				<건축년도>1998</건축년도>
				<년>2019</년>
				<법정동> 원서동</법정동>
				<보증금액> 25,000</보증금액>
				<연립다세대>조은빌라</연립다세대>
				<월>12</월>
				<월세금액> 0</월세금액>
				<일>11</일>
				<전용면적>59.89</전용면적>
				<지번>77-44</지번>
				<지역코드>11110</지역코드>
				<층>3</층>
			</item>
			<item>
				<건축년도>2019</건축년도>
				<년>2019</년>
				<법정동> 연지동</법정동>
				<보증금액> 3,880</보증금액>
				<연립다세대>주함해븐타워(1동)</연립다세대>
				<월>12</월>
				<월세금액> 13</월세금액>
				<일>5</일>
				<전용면적>17.14</전용면적>
				<지번>193-2</지번>
				<지역코드>11110</지역코드>
				<층>7</층>
			</item>
			<item>
				<건축년도>2019</건축년도>
				<년>2019</년>
				<법정동> 연지동</법정동>
				<보증금액> 27,000</보증금액>
				<연립다세대>로얄파크뷰</연립다세대>
				<월>12</월>
				<월세금액> 0</월세금액>
				<일>7</일>
				<전용면적>28.19</전용면적>
				<지번>238-5</지번>
				<지역코드>11110</지역코드>
				<층>9</층>
			</item>
			<item>
				<건축년도>2019</건축년도>
				<년>2019</년>
				<법정동> 연지동</법정동>
				<보증금액> 2,060</보증금액>
				<연립다세대>주함해븐타워(1동)</연립다세대>
				<월>12</월>
				<월세금액> 23</월세금액>
				<일>10</일>
				<전용면적>17.14</전용면적>
				<지번>193-2</지번>
				<지역코드>11110</지역코드>
				<층>7</층>
			</item>
			<item>
				<건축년도>2015</건축년도>
				<년>2019</년>
				<법정동> 연지동</법정동>
				<보증금액> 1,000</보증금액>
				<연립다세대>(27-0)</연립다세대>
				<월>12</월>
				<월세금액> 45</월세금액>
				<일>12</일>
				<전용면적>16.65</전용면적>
				<지번>27</지번>
				<지역코드>11110</지역코드>
				<층>5</층>
			</item>
			<item>
				<건축년도>2019</건축년도>
				<년>2019</년>
				<법정동> 연지동</법정동>
				<보증금액> 26,500</보증금액>
				<연립다세대>로얄파크뷰</연립다세대>
				<월>12</월>
				<월세금액> 0</월세금액>
				<일>27</일>
				<전용면적>27.66</전용면적>
				<지번>238-5</지번>
				<지역코드>11110</지역코드>
				<층>10</층>
			</item>
			<item>
				<건축년도>1994</건축년도>
				<년>2019</년>
				<법정동> 연건동</법정동>
				<보증금액> 16,000</보증금액>
				<연립다세대>(103-1)</연립다세대>
				<월>12</월>
				<월세금액> 0</월세금액>
				<일>21</일>
				<전용면적>35.11</전용면적>
				<지번>103-1</지번>
				<지역코드>11110</지역코드>
				<층>4</층>
			</item>
			<item>
				<건축년도>1996</건축년도>
				<년>2019</년>
				<법정동> 연건동</법정동>
				<보증금액> 2,000</보증금액>
				<연립다세대>우영빌</연립다세대>
				<월>12</월>
				<월세금액> 50</월세금액>
				<일>23</일>
				<전용면적>29.46</전용면적>
				<지번>116-1</지번>
				<지역코드>11110</지역코드>
				<층>4</층>
			</item>
			<item>
				<건축년도>1996</건축년도>
				<년>2019</년>
				<법정동> 연건동</법정동>
				<보증금액> 13,000</보증금액>
				<연립다세대>(85-2)</연립다세대>
				<월>12</월>
				<월세금액> 0</월세금액>
				<일>23</일>
				<전용면적>24.94</전용면적>
				<지번>85-2</지번>
				<지역코드>11110</지역코드>
				<층>2</층>
			</item>
			<item>
				<건축년도>1987</건축년도>
				<년>2019</년>
				<법정동> 동숭동</법정동>
				<보증금액> 14,000</보증금액>
				<연립다세대>(25-2)</연립다세대>
				<월>12</월>
				<월세금액> 0</월세금액>
				<일>9</일>
				<전용면적>41.25</전용면적>
				<지번>25-2</지번>
				<지역코드>11110</지역코드>
				<층>1</층>
			</item>
			<item>
				<건축년도>2002</건축년도>
				<년>2019</년>
				<법정동> 동숭동</법정동>
				<보증금액> 2,000</보증금액>
				<연립다세대>(189-2)</연립다세대>
				<월>12</월>
				<월세금액> 50</월세금액>
				<일>11</일>
				<전용면적>32.32</전용면적>
				<지번>189-2</지번>
				<지역코드>11110</지역코드>
				<층>3</층>
			</item>
			<item>
				<건축년도>1997</건축년도>
				<년>2019</년>
				<법정동> 동숭동</법정동>
				<보증금액> 20,000</보증금액>
				<연립다세대>(6-15)</연립다세대>
				<월>12</월>
				<월세금액> 0</월세금액>
				<일>19</일>
				<전용면적>54.35</전용면적>
				<지번>6-15</지번>
				<지역코드>11110</지역코드>
				<층>4</층>
			</item>
			<item>
				<건축년도>2002</건축년도>
				<년>2019</년>
				<법정동> 동숭동</법정동>
				<보증금액> 4,000</보증금액>
				<연립다세대>(189-2)</연립다세대>
				<월>12</월>
				<월세금액> 40</월세금액>
				<일>23</일>
				<전용면적>21.94</전용면적>
				<지번>189-2</지번>
				<지역코드>11110</지역코드>
				<층>4</층>
			</item>
			<item>
				<건축년도>1997</건축년도>
				<년>2019</년>
				<법정동> 동숭동</법정동>
				<보증금액> 11,000</보증금액>
				<연립다세대>(7-2)</연립다세대>
				<월>12</월>
				<월세금액> 0</월세금액>
				<일>27</일>
				<전용면적>39.75</전용면적>
				<지번>7-2</지번>
				<지역코드>11110</지역코드>
				<층>-1</층>
			</item>
			<item>
				<건축년도>2002</건축년도>
				<년>2019</년>
				<법정동> 혜화동</법정동>
				<보증금액> 5,000</보증금액>
				<연립다세대>(10-9)</연립다세대>
				<월>12</월>
				<월세금액> 40</월세금액>
				<일>6</일>
				<전용면적>28.75</전용면적>
				<지번>10-9</지번>
				<지역코드>11110</지역코드>
				<층>1</층>
			</item>
			<item>
				<건축년도>2013</건축년도>
				<년>2019</년>
				<법정동> 혜화동</법정동>
				<보증금액> 2,000</보증금액>
				<연립다세대>(71-8)</연립다세대>
				<월>12</월>
				<월세금액> 60</월세금액>
				<일>10</일>
				<전용면적>18.15</전용면적>
				<지번>71-8</지번>
				<지역코드>11110</지역코드>
				<층>2</층>
			</item>
			<item>
				<건축년도>2010</건축년도>
				<년>2019</년>
				<법정동> 혜화동</법정동>
				<보증금액> 1,000</보증금액>
				<연립다세대>GREEN HOUSE A동</연립다세대>
				<월>12</월>
				<월세금액> 60</월세금액>
				<일>14</일>
				<전용면적>21.28</전용면적>
				<지번>20-29</지번>
				<지역코드>11110</지역코드>
				<층>4</층>
			</item>
			<item>
				<건축년도>2013</건축년도>
				<년>2019</년>
				<법정동> 혜화동</법정동>
				<보증금액> 13,000</보증금액>
				<연립다세대>(71-8)</연립다세대>
				<월>12</월>
				<월세금액> 0</월세금액>
				<일>18</일>
				<전용면적>18.15</전용면적>
				<지번>71-8</지번>
				<지역코드>11110</지역코드>
				<층>3</층>
			</item>
			<item>
				<건축년도>2002</건축년도>
				<년>2019</년>
				<법정동> 혜화동</법정동>
				<보증금액> 10,000</보증금액>
				<연립다세대>(10-9)</연립다세대>
				<월>12</월>
				<월세금액> 40</월세금액>
				<일>20</일>
				<전용면적>55.61</전용면적>
				<지번>10-9</지번>
				<지역코드>11110</지역코드>
				<층>2</층>
			</item>
			<item>
				<건축년도>2009</건축년도>
				<년>2019</년>
				<법정동> 명륜1가</법정동>
				<보증금액> 1,000</보증금액>
				<연립다세대>(36-16)</연립다세대>
				<월>12</월>
				<월세금액> 55</월세금액>
				<일>9</일>
				<전용면적>14.63</전용면적>
				<지번>36-16</지번>
				<지역코드>11110</지역코드>
				<층>2</층>
			</item>
			<item>
				<건축년도>2009</건축년도>
				<년>2019</년>
				<법정동> 명륜1가</법정동>
				<보증금액> 1,000</보증금액>
				<연립다세대>영은타운</연립다세대>
				<월>12</월>
				<월세금액> 55</월세금액>
				<일>11</일>
				<전용면적>66.75</전용면적>
				<지번>36-61</지번>
				<지역코드>11110</지역코드>
				<층>3</층>
			</item>
			<item>
				<건축년도>2009</건축년도>
				<년>2019</년>
				<법정동> 명륜1가</법정동>
				<보증금액> 500</보증금액>
				<연립다세대>(36-16)</연립다세대>
				<월>12</월>
				<월세금액> 57</월세금액>
				<일>20</일>
				<전용면적>14.63</전용면적>
				<지번>36-16</지번>
				<지역코드>11110</지역코드>
				<층>3</층>
			</item>
			<item>
				<건축년도>2009</건축년도>
				<년>2019</년>
				<법정동> 명륜1가</법정동>
				<보증금액> 2,000</보증금액>
				<연립다세대>(36-16)</연립다세대>
				<월>12</월>
				<월세금액> 50</월세금액>
				<일>26</일>
				<전용면적>16.57</전용면적>
				<지번>36-16</지번>
				<지역코드>11110</지역코드>
				<층>2</층>
			</item>
			<item>
				<건축년도>1993</건축년도>
				<년>2019</년>
				<법정동> 명륜2가</법정동>
				<보증금액> 80,000</보증금액>
				<연립다세대>(8-32)</연립다세대>
				<월>12</월>
				<월세금액> 0</월세금액>
				<일>7</일>
				<전용면적>173.96</전용면적>
				<지번>8-32</지번>
				<지역코드>11110</지역코드>
				<층>2</층>
			</item>
			<item>
				<건축년도>2017</건축년도>
				<년>2019</년>
				<법정동> 명륜2가</법정동>
				<보증금액> 25,000</보증금액>
				<연립다세대>글로리아하우스</연립다세대>
				<월>12</월>
				<월세금액> 0</월세금액>
				<일>11</일>
				<전용면적>32.95</전용면적>
				<지번>91-4</지번>
				<지역코드>11110</지역코드>
				<층>4</층>
			</item>
			<item>
				<건축년도>2008</건축년도>
				<년>2019</년>
				<법정동> 명륜3가</법정동>
				<보증금액> 3,000</보증금액>
				<연립다세대>베네시안</연립다세대>
				<월>12</월>
				<월세금액> 50</월세금액>
				<일>13</일>
				<전용면적>103.01</전용면적>
				<지번>125</지번>
				<지역코드>11110</지역코드>
				<층>2</층>
			</item>
			<item>
				<건축년도>2002</건축년도>
				<년>2019</년>
				<법정동> 명륜3가</법정동>
				<보증금액> 500</보증금액>
				<연립다세대>(1-830)</연립다세대>
				<월>12</월>
				<월세금액> 50</월세금액>
				<일>23</일>
				<전용면적>29.88</전용면적>
				<지번>1-830</지번>
				<지역코드>11110</지역코드>
				<층>4</층>
			</item>
			<item>
				<건축년도>2000</건축년도>
				<년>2019</년>
				<법정동> 창신동</법정동>
				<보증금액> 8,000</보증금액>
				<연립다세대>성준빌라6차</연립다세대>
				<월>12</월>
				<월세금액> 0</월세금액>
				<일>2</일>
				<전용면적>36.57</전용면적>
				<지번>629-62</지번>
				<지역코드>11110</지역코드>
				<층>3</층>
			</item>
			<item>
				<건축년도>1997</건축년도>
				<년>2019</년>
				<법정동> 창신동</법정동>
				<보증금액> 11,000</보증금액>
				<연립다세대>(626-9)</연립다세대>
				<월>12</월>
				<월세금액> 0</월세금액>
				<일>3</일>
				<전용면적>43.48</전용면적>
				<지번>626-9</지번>
				<지역코드>11110</지역코드>
				<층>3</층>
			</item>
			<item>
				<건축년도>1999</건축년도>
				<년>2019</년>
				<법정동> 창신동</법정동>
				<보증금액> 12,000</보증금액>
				<연립다세대>대아빌라B동</연립다세대>
				<월>12</월>
				<월세금액> 0</월세금액>
				<일>4</일>
				<전용면적>47.95</전용면적>
				<지번>640-65</지번>
				<지역코드>11110</지역코드>
				<층>1</층>
			</item>
			<item>
				<건축년도>1963</건축년도>
				<년>2019</년>
				<법정동> 창신동</법정동>
				<보증금액> 1,000</보증금액>
				<연립다세대>창신 B,C동(23-814)</연립다세대>
				<월>12</월>
				<월세금액> 55</월세금액>
				<일>6</일>
				<전용면적>42.15</전용면적>
				<지번>23-814</지번>
				<지역코드>11110</지역코드>
				<층>2</층>
			</item>
			<item>
				<건축년도>2017</건축년도>
				<년>2019</년>
				<법정동> 창신동</법정동>
				<보증금액> 22,000</보증금액>
				<연립다세대>신호빌</연립다세대>
				<월>12</월>
				<월세금액> 0</월세금액>
				<일>8</일>
				<전용면적>53.1</전용면적>
				<지번>23-23</지번>
				<지역코드>11110</지역코드>
				<층>2</층>
			</item>
			<item>
				<건축년도>1975</건축년도>
				<년>2019</년>
				<법정동> 창신동</법정동>
				<보증금액> 14,000</보증금액>
				<연립다세대>(23-650)</연립다세대>
				<월>12</월>
				<월세금액> 0</월세금액>
				<일>9</일>
				<전용면적>53.92</전용면적>
				<지번>23-650</지번>
				<지역코드>11110</지역코드>
				<층>2</층>
			</item>
			<item>
				<건축년도>2019</건축년도>
				<년>2019</년>
				<법정동> 창신동</법정동>
				<보증금액> 29,000</보증금액>
				<연립다세대>리베르떼종로</연립다세대>
				<월>12</월>
				<월세금액> 0</월세금액>
				<일>16</일>
				<전용면적>35.99</전용면적>
				<지번>669-2</지번>
				<지역코드>11110</지역코드>
				<층>2</층>
			</item>
			<item>
				<건축년도>2019</건축년도>
				<년>2019</년>
				<법정동> 창신동</법정동>
				<보증금액> 28,000</보증금액>
				<연립다세대>리베르떼종로</연립다세대>
				<월>12</월>
				<월세금액> 0</월세금액>
				<일>20</일>
				<전용면적>31.03</전용면적>
				<지번>669-2</지번>
				<지역코드>11110</지역코드>
				<층>4</층>
			</item>
			<item>
				<건축년도>2019</건축년도>
				<년>2019</년>
				<법정동> 창신동</법정동>
				<보증금액> 28,500</보증금액>
				<연립다세대>리베르떼종로</연립다세대>
				<월>12</월>
				<월세금액> 0</월세금액>
				<일>27</일>
				<전용면적>37.2</전용면적>
				<지번>669-2</지번>
				<지역코드>11110</지역코드>
				<층>3</층>
			</item>
			<item>
				<건축년도>2003</건축년도>
				<년>2019</년>
				<법정동> 숭인동</법정동>
				<보증금액> 11,500</보증금액>
				<연립다세대>은혜빌라</연립다세대>
				<월>12</월>
				<월세금액> 0</월세금액>
				<일>4</일>
				<전용면적>59.83</전용면적>
				<지번>181-61</지번>
				<지역코드>11110</지역코드>
				<층>1</층>
			</item>
			<item>
				<건축년도>2002</건축년도>
				<년>2019</년>
				<법정동> 숭인동</법정동>
				<보증금액> 15,500</보증금액>
				<연립다세대>(56-148)</연립다세대>
				<월>12</월>
				<월세금액> 0</월세금액>
				<일>8</일>
				<전용면적>45.16</전용면적>
				<지번>56-148</지번>
				<지역코드>11110</지역코드>
				<층>3</층>
			</item>
			<item>
				<건축년도>2006</건축년도>
				<년>2019</년>
				<법정동> 숭인동</법정동>
				<보증금액> 8,500</보증금액>
				<연립다세대>(181-29)</연립다세대>
				<월>12</월>
				<월세금액> 0</월세금액>
				<일>9</일>
				<전용면적>36</전용면적>
				<지번>181-29</지번>
				<지역코드>11110</지역코드>
				<층>4</층>
			</item>
			<item>
				<건축년도>1997</건축년도>
				<년>2019</년>
				<법정동> 숭인동</법정동>
				<보증금액> 8,000</보증금액>
				<연립다세대>보물빌라</연립다세대>
				<월>12</월>
				<월세금액> 0</월세금액>
				<일>14</일>
				<전용면적>28.66</전용면적>
				<지번>181-120</지번>
				<지역코드>11110</지역코드>
				<층>1</층>
			</item>
			<item>
				<건축년도>2013</건축년도>
				<년>2019</년>
				<법정동> 숭인동</법정동>
				<보증금액> 3,000</보증금액>
				<연립다세대>그레이스탑</연립다세대>
				<월>12</월>
				<월세금액> 40</월세금액>
				<일>19</일>
				<전용면적>14.04</전용면적>
				<지번>178-94</지번>
				<지역코드>11110</지역코드>
				<층>6</층>
			</item>
			<item>
				<건축년도>1999</건축년도>
				<년>2019</년>
				<법정동> 행촌동</법정동>
				<보증금액> 16,000</보증금액>
				<연립다세대>동일빌라7차</연립다세대>
				<월>12</월>
				<월세금액> 0</월세금액>
				<일>9</일>
				<전용면적>46.02</전용면적>
				<지번>5-1</지번>
				<지역코드>11110</지역코드>
				<층>1</층>
			</item>
			<item>
				<건축년도>2000</건축년도>
				<년>2019</년>
				<법정동> 행촌동</법정동>
				<보증금액> 7,500</보증금액>
				<연립다세대>H.VILLE</연립다세대>
				<월>12</월>
				<월세금액> 0</월세금액>
				<일>12</일>
				<전용면적>27.96</전용면적>
				<지번>1-36</지번>
				<지역코드>11110</지역코드>
				<층>2</층>
			</item>
			<item>
				<건축년도>2019</건축년도>
				<년>2019</년>
				<법정동> 행촌동</법정동>
				<보증금액> 24,000</보증금액>
				<연립다세대>가온빌라</연립다세대>
				<월>12</월>
				<월세금액> 0</월세금액>
				<일>14</일>
				<전용면적>29.21</전용면적>
				<지번>210-482</지번>
				<지역코드>11110</지역코드>
				<층>4</층>
			</item>
			<item>
				<건축년도>2019</건축년도>
				<년>2019</년>
				<법정동> 행촌동</법정동>
				<보증금액> 17,000</보증금액>
				<연립다세대>가온빌라</연립다세대>
				<월>12</월>
				<월세금액> 0</월세금액>
				<일>30</일>
				<전용면적>23.29</전용면적>
				<지번>210-482</지번>
				<지역코드>11110</지역코드>
				<층>2</층>
			</item>
			<item>
				<건축년도>1997</건축년도>
				<년>2019</년>
				<법정동> 구기동</법정동>
				<보증금액> 37,000</보증금액>
				<연립다세대>청구빌라</연립다세대>
				<월>12</월>
				<월세금액> 0</월세금액>
				<일>12</일>
				<전용면적>84.72</전용면적>
				<지번>266</지번>
				<지역코드>11110</지역코드>
				<층>1</층>
			</item>
			<item>
				<건축년도>1996</건축년도>
				<년>2019</년>
				<법정동> 구기동</법정동>
				<보증금액> 30,000</보증금액>
				<연립다세대>동익빌라</연립다세대>
				<월>12</월>
				<월세금액> 0</월세금액>
				<일>12</일>
				<전용면적>84.84</전용면적>
				<지번>40</지번>
				<지역코드>11110</지역코드>
				<층>1</층>
			</item>
			<item>
				<건축년도>2019</건축년도>
				<년>2019</년>
				<법정동> 구기동</법정동>
				<보증금액> 24,000</보증금액>
				<연립다세대>466가</연립다세대>
				<월>12</월>
				<월세금액> 0</월세금액>
				<일>17</일>
				<전용면적>47.99</전용면적>
				<지번>62-2</지번>
				<지역코드>11110</지역코드>
				<층>4</층>
			</item>
			<item>
				<건축년도>2002</건축년도>
				<년>2019</년>
				<법정동> 구기동</법정동>
				<보증금액> 27,000</보증금액>
				<연립다세대>천지인하우스(17-7)</연립다세대>
				<월>12</월>
				<월세금액> 0</월세금액>
				<일>29</일>
				<전용면적>77.25</전용면적>
				<지번>17-7</지번>
				<지역코드>11110</지역코드>
				<층>3</층>
			</item>
			<item>
				<건축년도>1986</건축년도>
				<년>2019</년>
				<법정동> 평창동</법정동>
				<보증금액> 33,000</보증금액>
				<연립다세대>현대평창빌라</연립다세대>
				<월>12</월>
				<월세금액> 0</월세금액>
				<일>9</일>
				<전용면적>84.69</전용면적>
				<지번>176</지번>
				<지역코드>11110</지역코드>
				<층>3</층>
			</item>
			<item>
				<건축년도>1993</건축년도>
				<년>2019</년>
				<법정동> 평창동</법정동>
				<보증금액> 60,000</보증금액>
				<연립다세대>롯데빌라</연립다세대>
				<월>12</월>
				<월세금액> 0</월세금액>
				<일>9</일>
				<전용면적>126.96</전용면적>
				<지번>177-1</지번>
				<지역코드>11110</지역코드>
				<층>3</층>
			</item>
			<item>
				<건축년도>1991</건축년도>
				<년>2019</년>
				<법정동> 평창동</법정동>
				<보증금액> 55,000</보증금액>
				<연립다세대>귀빈빌라</연립다세대>
				<월>12</월>
				<월세금액> 0</월세금액>
				<일>12</일>
				<전용면적>116.37</전용면적>
				<지번>33-4</지번>
				<지역코드>11110</지역코드>
				<층>1</층>
			</item>
			<item>
				<건축년도>1992</건축년도>
				<년>2019</년>
				<법정동> 평창동</법정동>
				<보증금액> 32,000</보증금액>
				<연립다세대>금강주택</연립다세대>
				<월>12</월>
				<월세금액> 0</월세금액>
				<일>17</일>
				<전용면적>84.95</전용면적>
				<지번>170</지번>
				<지역코드>11110</지역코드>
				<층>2</층>
			</item>
			<item>
				<건축년도>1986</건축년도>
				<년>2019</년>
				<법정동> 평창동</법정동>
				<보증금액> 38,000</보증금액>
				<연립다세대>럭키평창빌라</연립다세대>
				<월>12</월>
				<월세금액> 0</월세금액>
				<일>19</일>
				<전용면적>84.84</전용면적>
				<지번>329-2</지번>
				<지역코드>11110</지역코드>
				<층>3</층>
			</item>
			<item>
				<건축년도>2003</건축년도>
				<년>2019</년>
				<법정동> 평창동</법정동>
				<보증금액> 15,000</보증금액>
				<연립다세대>샹그리라빌(나동)</연립다세대>
				<월>12</월>
				<월세금액> 0</월세금액>
				<일>21</일>
				<전용면적>56.9005</전용면적>
				<지번>75-4</지번>
				<지역코드>11110</지역코드>
				<층>1</층>
			</item>
			<item>
				<건축년도>2003</건축년도>
				<년>2019</년>
				<법정동> 평창동</법정동>
				<보증금액> 500</보증금액>
				<연립다세대>KUDO(B동)</연립다세대>
				<월>12</월>
				<월세금액> 41</월세금액>
				<일>21</일>
				<전용면적>28.8</전용면적>
				<지번>168-7</지번>
				<지역코드>11110</지역코드>
				<층>5</층>
			</item>
			<item>
				<건축년도>2003</건축년도>
				<년>2019</년>
				<법정동> 평창동</법정동>
				<보증금액> 15,000</보증금액>
				<연립다세대>샹그리라빌(가동)</연립다세대>
				<월>12</월>
				<월세금액> 10</월세금액>
				<일>23</일>
				<전용면적>70.926</전용면적>
				<지번>75-1</지번>
				<지역코드>11110</지역코드>
				<층>4</층>
			</item>
			<item>
				<건축년도>1986</건축년도>
				<년>2019</년>
				<법정동> 평창동</법정동>
				<보증금액> 56,500</보증금액>
				<연립다세대>현대하이츠빌라</연립다세대>
				<월>12</월>
				<월세금액> 0</월세금액>
				<일>27</일>
				<전용면적>159.51</전용면적>
				<지번>175-7</지번>
				<지역코드>11110</지역코드>
				<층>1</층>
			</item>
			<item>
				<건축년도>2003</건축년도>
				<년>2019</년>
				<법정동> 평창동</법정동>
				<보증금액> 3,000</보증금액>
				<연립다세대>KUDO(B동)</연립다세대>
				<월>12</월>
				<월세금액> 80</월세금액>
				<일>27</일>
				<전용면적>58.4</전용면적>
				<지번>168-7</지번>
				<지역코드>11110</지역코드>
				<층>5</층>
			</item>
			<item>
				<건축년도>2002</건축년도>
				<년>2019</년>
				<법정동> 부암동</법정동>
				<보증금액> 20,000</보증금액>
				<연립다세대>블루빌</연립다세대>
				<월>12</월>
				<월세금액> 0</월세금액>
				<일>7</일>
				<전용면적>68.87</전용면적>
				<지번>123-13</지번>
				<지역코드>11110</지역코드>
				<층>2</층>
			</item>
			<item>
				<건축년도>1993</건축년도>
				<년>2019</년>
				<법정동> 부암동</법정동>
				<보증금액> 5,000</보증금액>
				<연립다세대>한마음빌라</연립다세대>
				<월>12</월>
				<월세금액> 50</월세금액>
				<일>8</일>
				<전용면적>45.98</전용면적>
				<지번>208-49</지번>
				<지역코드>11110</지역코드>
				<층>1</층>
			</item>
			<item>
				<건축년도>2004</건축년도>
				<년>2019</년>
				<법정동> 부암동</법정동>
				<보증금액> 25,000</보증금액>
				<연립다세대>국제그린빌</연립다세대>
				<월>12</월>
				<월세금액> 0</월세금액>
				<일>12</일>
				<전용면적>76.34</전용면적>
				<지번>208-32</지번>
				<지역코드>11110</지역코드>
				<층>1</층>
			</item>
			<item>
				<건축년도>1994</건축년도>
				<년>2019</년>
				<법정동> 부암동</법정동>
				<보증금액> 15,000</보증금액>
				<연립다세대>부암그린빌라(가동)</연립다세대>
				<월>12</월>
				<월세금액> 0</월세금액>
				<일>18</일>
				<전용면적>50.86</전용면적>
				<지번>216-3</지번>
				<지역코드>11110</지역코드>
				<층>4</층>
			</item>
			<item>
				<건축년도>2006</건축년도>
				<년>2019</년>
				<법정동> 부암동</법정동>
				<보증금액> 28,000</보증금액>
				<연립다세대>부암빌라(238-5)</연립다세대>
				<월>12</월>
				<월세금액> 0</월세금액>
				<일>19</일>
				<전용면적>76.13</전용면적>
				<지번>238-5</지번>
				<지역코드>11110</지역코드>
				<층>1</층>
			</item>
			<item>
				<건축년도>2007</건축년도>
				<년>2019</년>
				<법정동> 부암동</법정동>
				<보증금액> 11,000</보증금액>
				<연립다세대>금이빌</연립다세대>
				<월>12</월>
				<월세금액> 0</월세금액>
				<일>27</일>
				<전용면적>44.68</전용면적>
				<지번>260-3</지번>
				<지역코드>11110</지역코드>
				<층>1</층>
			</item>
			<item>
				<건축년도>2007</건축년도>
				<년>2019</년>
				<법정동> 부암동</법정동>
				<보증금액> 17,000</보증금액>
				<연립다세대>금이빌</연립다세대>
				<월>12</월>
				<월세금액> 0</월세금액>
				<일>30</일>
				<전용면적>34.35</전용면적>
				<지번>260-3</지번>
				<지역코드>11110</지역코드>
				<층>3</층>
			</item>
			<item>
				<건축년도>2019</건축년도>
				<년>2019</년>
				<법정동> 신영동</법정동>
				<보증금액> 50,000</보증금액>
				<연립다세대>북악더테라스6단지</연립다세대>
				<월>12</월>
				<월세금액> 0</월세금액>
				<일>16</일>
				<전용면적>84.95</전용면적>
				<지번>209</지번>
				<지역코드>11110</지역코드>
				<층>2</층>
			</item>
			<item>
				<건축년도>2019</건축년도>
				<년>2019</년>
				<법정동> 신영동</법정동>
				<보증금액> 40,000</보증금액>
				<연립다세대>북악더테라스5단지</연립다세대>
				<월>12</월>
				<월세금액> 0</월세금액>
				<일>23</일>
				<전용면적>84.98</전용면적>
				<지번>211-6</지번>
				<지역코드>11110</지역코드>
				<층>-1</층>
			</item>
			<item>
				<건축년도>2012</건축년도>
				<년>2019</년>
				<법정동> 무악동</법정동>
				<보증금액> 1,000</보증금액>
				<연립다세대>성곽해오름빌</연립다세대>
				<월>12</월>
				<월세금액> 50</월세금액>
				<일>20</일>
				<전용면적>27.58</전용면적>
				<지번>46-1914</지번>
				<지역코드>11110</지역코드>
				<층>2</층>
			</item>
		</items>
		<numOfRows>10</numOfRows>
		<pageNo>1</pageNo>
		<totalCount>89</totalCount>
	</body>
</response>
